time,tavg,tmin,tmax,prcp,snow,wdir,wspd,wpgt,pres,tsun
2006-12-01,8.3,4.7,10.0,0.0,,172.0,14.2,,1024.6,
2006-12-02,10.2,8.8,11.4,0.0,,187.0,10.6,,1017.1,
2006-12-03,9.6,7.7,11.8,0.3,,197.0,19.3,,1008.2,
2006-12-04,12.2,8.7,14.5,4.8,,216.0,20.0,,1006.7,
2006-12-05,13.3,10.7,15.7,4.3,,201.0,20.7,,1004.5,
2006-12-06,9.2,7.1,11.4,10.2,,224.0,12.8,,1009.0,
2006-12-07,9.2,5.5,11.6,0.0,,190.0,20.4,,1004.3,
2006-12-08,9.3,7.6,12.2,8.4,,193.0,20.4,,992.8,
2006-12-09,6.7,4.8,9.1,14.5,,278.0,9.1,,1012.0,
2006-12-10,5.3,4.1,8.4,0.0,,232.0,7.8,,1029.1,
2006-12-11,6.6,3.9,8.3,0.0,,188.0,19.0,,1024.3,
2006-12-12,6.2,4.6,8.3,7.9,,205.0,10.3,,1025.5,
2006-12-13,7.4,5.5,11.2,0.0,,206.0,13.7,,1029.9,
2006-12-14,5.1,3.0,8.6,0.0,,180.0,10.5,,1030.7,
2006-12-15,4.2,0.3,9.5,0.0,,166.0,9.2,,1027.4,
2006-12-16,6.2,3.8,8.6,0.0,,233.0,12.3,,1024.1,
2006-12-17,4.4,1.1,7.9,3.3,,217.0,4.6,,1029.5,
2006-12-18,4.6,3.4,6.0,0.0,,125.0,6.5,,1029.0,
2006-12-19,2.6,0.5,5.2,0.0,,22.0,14.8,,1034.1,
2006-12-20,2.9,0.5,5.7,0.0,,21.0,13.5,,1037.5,
2006-12-21,5.2,1.7,8.5,0.0,,23.0,14.5,,1039.4,
2006-12-22,5.1,3.8,6.8,0.0,,30.0,15.0,,1039.5,
2006-12-23,2.7,1.8,5.6,0.0,,34.0,10.4,,1038.2,
2006-12-24,2.4,1.6,2.8,0.0,,65.0,7.4,,1036.4,
2006-12-25,1.4,0.2,2.8,0.0,,27.0,7.2,,1035.5,
2006-12-26,0.3,-0.5,1.0,0.0,,115.0,6.6,,1034.2,
2006-12-27,0.5,0.3,0.7,0.0,,212.0,7.1,,1033.5,
2006-12-28,-0.8,-2.4,0.8,0.0,,167.0,8.5,,1030.8,
2006-12-29,2.3,-2.8,7.0,0.0,,167.0,11.4,,1024.9,
2006-12-30,8.9,6.3,11.7,0.0,,193.0,26.2,,1020.7,
2006-12-31,10.3,7.1,13.2,5.8,,203.0,19.1,,1026.8,
2007-01-01,10.1,6.3,14.3,7.1,,231.0,20.4,,1020.5,
2007-01-02,7.2,5.6,8.5,3.6,,271.0,15.3,,1026.9,
2007-01-03,7.2,5.4,8.4,1.3,,213.0,11.5,,1030.7,
2007-01-04,9.6,7.4,11.5,1.0,,241.0,15.3,,1018.6,
2007-01-05,10.2,8.9,11.5,1.5,,220.0,11.7,,1023.8,
2007-01-06,11.6,8.0,13.0,1.5,,224.0,22.4,,1020.1,
2007-01-07,8.7,5.4,10.6,0.0,,204.0,13.5,,1019.6,
2007-01-08,11.3,9.3,13.2,0.3,,208.0,18.3,,1008.9,
2007-01-09,13.0,11.2,14.4,0.8,,210.0,15.3,,1015.6,
2007-01-10,10.4,6.9,13.3,0.5,,213.0,16.0,,1019.2,
2007-01-11,8.6,4.3,11.9,2.3,,218.0,18.2,,1022.8,
2007-01-12,10.7,7.6,12.6,0.8,,234.0,13.2,,1028.6,
2007-01-13,11.4,10.4,12.6,0.0,,218.0,12.1,,1025.8,
2007-01-14,8.7,5.7,11.3,0.5,,236.0,7.5,,1031.4,
2007-01-15,5.9,2.4,8.5,0.0,,164.0,7.7,,1028.2,
2007-01-16,8.1,6.2,9.9,0.0,,181.0,9.8,,1021.7,
2007-01-17,11.6,9.4,13.1,0.3,,200.0,20.4,,1016.4,
2007-01-18,13.9,11.5,15.6,7.6,,221.0,36.4,,,
2007-01-19,13.8,13.1,15.4,1.0,,238.0,17.7,,1020.5,
2007-01-20,11.9,8.6,14.3,0.5,,234.0,15.0,,1019.6,
2007-01-21,7.5,5.4,10.4,3.0,,232.0,15.8,,1018.7,
2007-01-22,5.3,2.9,8.0,0.0,,124.0,9.0,,1015.3,
2007-01-23,1.8,0.6,6.7,0.0,,12.0,27.8,,1012.3,
2007-01-24,1.6,0.3,3.3,0.0,,356.0,12.5,,1010.8,
2007-01-25,-0.9,-2.2,2.4,0.8,,29.0,16.8,,1021.5,
2007-01-26,0.5,-2.8,2.9,0.0,,275.0,8.3,,1026.7,
2007-01-27,5.4,2.5,8.0,0.0,,287.0,8.5,,1032.1,
2007-01-28,5.2,1.9,7.5,0.0,,242.0,9.1,,1033.1,
2007-01-29,7.4,5.8,9.8,0.0,,315.0,6.7,,1027.6,
2007-01-30,8.2,6.4,9.2,0.0,,37.0,8.2,,1026.2,
2007-01-31,8.2,6.9,9.6,0.0,,287.0,7.4,,1025.8,
2007-02-01,9.3,6.2,11.4,0.0,,307.0,5.8,,1029.6,
2007-02-02,10.2,9.3,11.4,0.0,,359.0,7.5,,1032.5,
2007-02-03,7.4,4.7,10.2,0.0,,37.0,17.6,,1035.6,
2007-02-04,6.4,3.6,10.7,0.0,,69.0,10.9,,1028.5,
2007-02-05,6.2,4.6,8.5,0.0,,246.0,8.5,,1018.1,
2007-02-06,5.9,4.5,7.3,0.0,,251.0,7.8,,1007.3,
2007-02-07,2.4,0.6,6.4,0.0,,50.0,10.1,,1000.9,
2007-02-08,6.6,2.1,11.1,4.2,,206.0,15.7,,995.0,
2007-02-09,6.6,3.7,10.0,1.3,,166.0,9.5,,1002.9,
2007-02-10,8.7,5.8,12.6,7.1,,201.0,13.9,,1003.1,
2007-02-11,10.2,8.6,13.6,12.7,,214.0,19.2,,1001.2,
2007-02-12,9.9,8.4,11.8,7.6,,220.0,21.4,,996.8,
2007-02-13,9.1,8.1,10.8,1.5,,233.0,15.7,,1010.9,
2007-02-14,8.6,6.6,11.3,3.8,,202.0,18.2,,1004.1,
2007-02-15,6.8,2.9,10.6,10.4,,176.0,10.4,,1021.8,
2007-02-16,8.0,3.4,12.8,0.0,,122.0,11.2,,1013.7,
2007-02-17,11.6,6.9,18.1,0.0,,167.0,8.6,,1010.6,
2007-02-18,11.1,7.0,15.8,0.0,,2.0,4.8,,1016.2,
2007-02-19,7.6,5.9,11.8,0.0,,157.0,6.8,,1014.0,
2007-02-20,9.2,4.5,14.0,0.0,,152.0,7.1,,1009.7,
2007-02-21,10.3,7.7,13.6,0.0,,208.0,11.2,,1011.6,
2007-02-22,8.2,4.8,12.6,0.5,,173.0,12.4,,1010.1,
2007-02-23,9.7,7.5,11.5,0.5,,189.0,18.0,,1005.9,
2007-02-24,10.9,9.7,13.4,2.3,,211.0,18.5,,1000.9,
2007-02-25,8.7,6.5,11.2,3.6,,235.0,17.3,,1000.5,
2007-02-26,9.3,7.9,11.6,3.3,,282.0,14.2,,1014.1,
2007-02-27,9.3,6.1,13.2,0.8,,219.0,13.0,,1015.9,
2007-02-28,11.1,9.7,14.0,0.5,,,,,,
2007-03-01,10.6,9.2,13.1,16.8,,244.0,20.9,,999.5,
2007-03-02,8.9,5.1,11.9,0.0,,214.0,12.4,,1007.7,
2007-03-03,11.2,8.4,13.7,5.6,,249.0,18.8,,1009.7,
2007-03-04,11.3,5.4,16.0,0.0,,158.0,12.2,,1013.8,
2007-03-05,11.1,7.7,14.8,4.8,,,,,,
2007-03-06,9.5,8.8,11.7,0.0,,,,,,
2007-03-07,9.5,6.9,12.2,6.9,,206.0,13.2,,,
2007-03-08,9.1,5.3,14.2,0.0,,284.0,7.8,,1022.1,
2007-03-09,8.9,7.3,12.9,0.0,,254.0,13.2,,1029.4,
2007-03-10,9.3,5.1,13.7,1.3,,299.0,8.5,,1038.7,
2007-03-11,9.6,4.4,15.2,0.0,,98.0,5.3,,1034.0,
2007-03-12,10.2,4.4,16.1,0.0,,163.0,4.6,,1026.3,
2007-03-13,10.2,5.1,14.8,0.0,,306.0,8.5,,1029.1,
2007-03-14,10.3,6.4,14.9,0.0,,12.0,12.4,,1034.2,
2007-03-15,10.3,5.5,15.2,0.0,,354.0,8.8,,1029.6,
2007-03-16,8.8,4.6,13.6,0.0,,313.0,7.8,,1028.9,
2007-03-17,9.8,7.8,11.8,0.0,,248.0,10.3,,1026.6,
2007-03-18,8.7,7.5,10.6,2.4,,,,,,
2007-03-19,3.9,2.1,8.5,0.5,,289.0,16.8,,997.7,
2007-03-20,3.9,1.6,8.1,0.0,,335.0,17.5,,1005.9,
2007-03-21,4.7,2.3,8.2,1.5,,337.0,21.3,,1013.9,
2007-03-22,5.9,4.4,9.3,2.3,,326.0,16.7,,1016.8,
2007-03-23,4.4,2.1,7.0,0.0,,322.0,14.5,,1012.8,
2007-03-24,5.6,3.0,7.1,2.3,,354.0,15.6,,1012.9,
2007-03-25,7.7,6.0,10.7,4.8,,64.0,11.6,,1014.8,
2007-03-26,10.2,4.3,15.6,0.0,,71.0,8.3,,1016.5,
2007-03-27,12.1,6.9,17.3,0.0,,27.0,5.7,,1014.7,
2007-03-28,11.8,6.5,18.8,0.0,,162.0,6.8,,1014.3,
2007-03-29,9.6,7.2,13.5,1.0,,260.0,8.6,,1013.9,
2007-03-30,5.1,3.3,8.0,2.3,,185.0,8.3,,1010.6,
2007-03-31,6.3,3.2,8.5,5.3,,60.0,7.5,,1016.7,
2007-04-01,11.7,7.2,16.5,1.3,,66.0,10.7,,1021.4,
2007-04-02,14.2,9.1,19.9,0.0,,55.0,10.9,,1022.5,
2007-04-03,10.2,7.3,17.0,0.0,,7.0,19.1,,1018.7,
2007-04-04,8.3,4.2,12.3,0.0,,17.0,23.2,,1018.1,
2007-04-05,10.7,4.9,16.4,0.0,,19.0,13.9,,1021.4,
2007-04-06,13.8,7.6,19.7,0.0,,9.0,10.4,,1022.4,
2007-04-07,11.1,6.3,17.7,0.0,,13.0,16.0,,1024.1,
2007-04-08,11.8,6.7,17.1,0.0,,39.0,13.8,,1024.4,
2007-04-09,13.7,8.2,19.3,0.0,,345.0,7.7,,1020.8,
2007-04-10,14.4,8.9,19.4,0.0,,17.0,8.6,,1022.3,
2007-04-11,15.4,10.2,20.3,0.0,,37.0,11.2,,1022.5,
2007-04-12,17.3,10.2,24.1,0.0,,74.0,7.5,,1018.9,
2007-04-13,20.1,14.7,25.0,0.0,,345.0,6.7,,1017.2,
2007-04-14,20.4,15.1,26.3,0.0,,350.0,9.4,,1018.8,
2007-04-15,20.7,14.7,26.7,0.0,,323.0,6.6,,1020.4,
2007-04-16,19.2,13.9,25.6,0.0,,329.0,13.6,,1021.1,
2007-04-17,15.7,11.5,23.0,0.0,,4.0,16.8,,1021.8,
2007-04-18,13.1,8.4,17.7,0.0,,32.0,11.2,,1024.4,
2007-04-19,14.3,7.9,19.9,0.0,,30.0,7.3,,1020.6,
2007-04-20,15.2,9.4,20.7,0.0,,43.0,13.0,,1019.6,
2007-04-21,15.3,8.3,21.6,0.0,,36.0,8.9,,1020.4,
2007-04-22,19.5,9.9,24.8,0.0,,,4.3,,1020.9,
2007-04-23,19.7,12.1,25.4,0.0,,214.0,5.3,,1020.8,
2007-04-24,20.5,12.9,26.7,0.0,,181.0,6.6,,1018.0,
2007-04-25,19.2,14.2,28.3,0.0,,,9.7,,,
2007-04-26,19.7,13.2,25.7,0.0,,14.0,11.4,,1015.3,
2007-04-27,20.5,14.0,26.4,0.0,,39.0,9.8,,,
2007-04-28,21.8,14.9,26.9,0.0,,,6.9,,,
2007-04-29,18.7,15.4,24.9,0.0,,12.0,8.8,,1016.4,
2007-04-30,18.7,13.5,24.2,5.1,,38.0,8.9,,1010.7,
2007-05-01,18.4,12.7,24.0,0.0,,71.0,12.3,,1009.4,
2007-05-02,17.1,12.0,21.9,0.0,,63.0,13.0,,1009.4,
2007-05-03,16.3,10.6,22.6,0.0,,105.0,9.7,,1011.6,
2007-05-04,14.3,10.5,20.8,0.0,,355.0,17.2,,1010.5,
2007-05-05,12.7,10.2,17.0,10.4,,344.0,18.9,,1014.7,
2007-05-06,13.3,7.6,19.4,0.0,,308.0,12.1,,1020.3,
2007-05-07,15.9,13.3,19.4,0.0,,227.0,16.1,,1017.8,
2007-05-08,16.3,12.3,20.0,4.3,,254.0,14.6,,1017.1,
2007-05-09,16.7,15.1,19.0,4.8,,231.0,17.5,,1018.3,
2007-05-10,17.9,12.9,24.2,0.3,,219.0,13.8,,1012.4,
2007-05-11,15.0,12.6,21.1,0.0,,220.0,21.0,,1009.1,
2007-05-12,16.2,12.6,20.7,1.0,,214.0,17.3,,1010.5,
2007-05-13,15.9,12.2,24.0,0.0,,173.0,14.9,,1005.2,
2007-05-14,13.8,11.3,18.3,2.3,,217.0,17.7,,1007.8,
2007-05-15,12.5,9.2,16.7,6.1,,248.0,13.5,,1017.9,
2007-05-16,13.6,11.4,18.1,3.0,,255.0,13.5,,1014.3,
2007-05-17,15.3,12.0,17.6,2.5,,283.0,12.6,,1013.8,
2007-05-18,19.3,15.1,25.1,0.5,,213.0,8.6,,1017.0,
2007-05-19,16.5,14.1,21.4,5.1,,306.0,8.2,,1014.7,
2007-05-20,13.2,10.3,18.8,0.0,,11.0,12.6,,1013.9,
2007-05-21,17.6,12.9,24.9,11.4,,53.0,9.2,,1014.0,
2007-05-22,18.1,15.1,23.3,0.0,,293.0,9.4,,1019.6,
2007-05-23,18.0,13.6,23.3,0.0,,25.0,11.5,,1021.0,
2007-05-24,21.3,14.4,27.1,0.0,,8.0,10.1,,1014.9,
2007-05-25,20.4,16.1,28.3,0.0,,8.0,8.6,,1007.9,
2007-05-26,17.1,15.1,21.5,18.5,,305.0,10.2,,1003.6,
2007-05-27,11.7,9.7,17.3,0.3,,212.0,12.7,,999.2,
2007-05-28,10.7,9.1,15.7,9.9,,320.0,11.9,,998.4,
2007-05-29,11.9,7.6,16.8,13.0,,277.0,13.1,,1011.1,
2007-05-30,13.3,9.0,17.1,0.0,,176.0,12.5,,1010.7,
2007-05-31,13.9,9.6,20.7,4.3,,186.0,9.1,,1011.0,
2007-06-01,13.9,9.8,18.4,4.8,,287.0,11.7,,1016.4,
2007-06-02,18.0,11.8,24.5,0.0,,343.0,12.9,,1023.1,
2007-06-03,19.8,14.4,24.4,0.0,,356.0,10.3,,1021.4,
2007-06-04,19.8,16.6,24.3,0.0,,5.0,13.8,,1019.9,
2007-06-05,20.2,15.2,25.4,1.8,,5.0,14.5,,1018.0,
2007-06-06,20.3,15.4,26.5,0.0,,9.0,17.1,,1015.3,
2007-06-07,18.7,15.0,23.1,0.0,,349.0,15.0,,1015.0,
2007-06-08,19.8,17.2,23.2,0.0,,302.0,8.7,,1016.5,
2007-06-09,20.0,16.8,24.4,0.0,,5.0,9.5,,1017.7,
2007-06-10,20.3,15.8,25.9,0.0,,17.0,10.6,,1015.2,
2007-06-11,20.4,16.8,24.5,0.0,,342.0,6.9,,1014.2,
2007-06-12,18.7,15.0,23.9,0.5,,283.0,8.0,,1013.5,
2007-06-13,19.6,15.8,26.1,0.0,,,5.1,,1009.2,
2007-06-14,20.1,16.2,23.8,4.8,,174.0,9.1,,1003.6,
2007-06-15,17.7,15.1,22.0,5.3,,211.0,15.6,,1004.3,
2007-06-16,17.0,14.3,21.7,2.3,,206.0,16.5,,1007.5,
2007-06-17,17.1,11.8,23.2,0.8,,183.0,9.9,,1007.0,
2007-06-18,20.3,14.5,25.7,8.4,,220.0,10.7,,1009.6,
2007-06-19,22.8,17.7,31.6,0.0,,123.0,9.6,,1009.8,
2007-06-20,20.2,15.1,28.2,5.1,,230.0,11.8,,1013.7,
2007-06-21,18.9,15.9,23.8,0.8,,231.0,12.4,,1013.9,
2007-06-22,16.1,14.6,20.7,0.0,,201.0,12.9,,1010.1,
2007-06-23,17.8,14.8,22.4,10.7,,232.0,14.3,,1012.6,
2007-06-24,18.4,13.8,23.0,0.0,,189.0,11.5,,1011.3,
2007-06-25,16.2,12.8,22.6,1.0,,215.0,20.1,,1004.4,
2007-06-26,14.4,12.7,17.1,8.9,,262.0,15.9,,1008.2,
2007-06-27,14.6,11.7,18.8,0.0,,253.0,12.2,,1011.7,
2007-06-28,15.8,12.8,19.1,0.5,,231.0,17.4,,,
2007-06-29,16.3,14.1,18.8,0.0,,215.0,13.9,,1015.3,
2007-06-30,19.0,15.3,23.3,1.0,,203.0,11.1,,1015.9,
2007-07-01,19.6,17.1,23.5,0.8,,190.0,13.5,,1009.1,
2007-07-02,17.9,14.9,22.7,0.5,,218.0,16.2,,1008.7,
2007-07-03,16.4,13.4,22.0,5.6,,220.0,12.4,,1005.4,
2007-07-04,15.9,12.8,20.3,12.7,,257.0,16.0,,1010.5,
2007-07-05,16.2,13.7,20.0,3.3,,238.0,18.3,,1016.8,
2007-07-06,17.9,14.5,22.2,1.0,,249.0,16.7,,1015.2,
2007-07-07,17.9,14.4,22.5,0.0,,283.0,7.4,,1018.6,
2007-07-08,16.2,14.4,20.9,0.0,,3.0,9.3,,1018.2,
2007-07-09,14.1,11.5,18.0,2.5,,264.0,6.8,,1016.3,
2007-07-10,14.3,11.8,18.1,6.9,,239.0,9.0,,1015.1,
2007-07-11,16.7,13.3,20.6,1.3,,262.0,10.0,,1016.7,
2007-07-12,17.4,13.1,21.2,0.0,,235.0,10.1,,1019.0,
2007-07-13,23.1,15.7,30.0,1.0,,187.0,11.0,,1015.7,
2007-07-14,24.2,18.7,30.8,0.0,,188.0,8.2,,1013.8,
2007-07-15,25.5,18.5,33.3,0.3,,155.0,11.9,,1011.0,
2007-07-16,21.4,16.8,31.5,0.0,,227.0,10.4,,1011.7,
2007-07-17,19.9,13.9,25.8,17.5,,214.0,13.0,,1017.5,
2007-07-18,21.0,16.9,25.7,0.0,,254.0,8.6,,1019.5,
2007-07-19,22.1,16.5,27.4,0.0,,39.0,9.9,,1016.8,
2007-07-20,19.7,17.1,25.4,0.0,,229.0,11.9,,1014.3,
2007-07-21,18.3,14.0,23.2,0.0,,218.0,9.3,,1016.6,
2007-07-22,17.9,12.6,23.1,0.0,,199.0,10.7,,1013.4,
2007-07-23,16.8,15.1,21.7,1.3,,159.0,13.2,,1000.8,
2007-07-24,18.4,14.9,23.1,13.7,,262.0,13.4,,1008.6,
2007-07-25,19.1,13.5,24.8,0.3,,212.0,10.0,,1016.5,
2007-07-26,20.1,14.8,25.2,0.0,,207.0,13.9,,1012.8,
2007-07-27,19.6,15.8,24.0,0.0,,222.0,12.7,,1015.7,
2007-07-28,19.6,18.0,22.5,0.0,,254.0,13.3,,1017.4,
2007-07-29,18.2,16.4,21.4,2.0,,259.0,15.3,,1016.4,
2007-07-30,17.2,12.7,22.0,3.3,,324.0,10.0,,1020.5,
2007-07-31,17.7,11.6,22.7,0.0,,50.0,10.0,,1020.2,
2007-08-01,20.7,13.0,27.3,0.0,,87.0,7.8,,1013.2,
2007-08-02,18.8,15.7,27.0,1.5,,292.0,9.7,,1012.4,
2007-08-03,19.4,14.8,25.0,0.5,,287.0,5.4,,1022.1,
2007-08-04,22.4,15.2,28.6,0.0,,131.0,6.4,,1022.7,
2007-08-05,25.6,17.3,33.3,0.0,,148.0,9.7,,1012.8,
2007-08-06,18.9,16.8,31.7,0.5,,261.0,8.0,,1011.0,
2007-08-07,17.7,13.6,23.4,7.9,,314.0,8.7,,1015.7,
2007-08-08,15.0,13.0,18.1,31.5,,308.0,12.1,,1016.9,
2007-08-09,15.7,12.7,18.8,30.5,,330.0,14.7,,1018.9,
2007-08-10,16.2,13.7,18.0,0.3,,339.0,14.7,,1017.3,
2007-08-11,18.5,15.9,21.5,0.0,,358.0,5.3,,1015.7,
2007-08-12,19.1,15.0,25.2,0.0,,230.0,4.9,,1011.5,
2007-08-13,18.5,14.0,22.9,9.4,,259.0,7.8,,1013.2,
2007-08-14,19.0,14.2,24.3,0.5,,184.0,15.2,,1009.5,
2007-08-15,19.4,17.9,21.1,4.6,,197.0,17.5,,1004.6,
2007-08-16,16.7,14.6,20.7,2.3,,238.0,14.5,,1012.0,
2007-08-17,16.6,13.2,20.0,1.5,,248.0,9.8,,1019.8,
2007-08-18,17.3,11.6,22.1,0.0,,190.0,9.8,,1016.5,
2007-08-19,16.6,14.3,20.5,4.3,,214.0,11.5,,1009.2,
2007-08-20,14.9,12.8,19.1,6.4,,215.0,13.5,,1007.5,
2007-08-21,17.4,12.3,22.8,0.5,,22.0,10.0,,1007.9,
2007-08-22,16.7,15.8,19.7,6.6,,315.0,13.0,,1007.6,
2007-08-23,17.1,15.9,19.5,44.7,,350.0,10.9,,1010.6,
2007-08-24,18.4,16.7,21.5,4.8,,344.0,4.2,,1021.0,
2007-08-25,19.2,15.2,25.3,1.5,,354.0,5.9,,1028.1,
2007-08-26,20.6,15.8,26.1,0.3,,6.0,7.6,,1027.3,
2007-08-27,18.2,14.2,23.9,0.0,,20.0,13.2,,1023.8,
2007-08-28,17.1,13.0,21.6,0.2,,,,,,
2007-08-29,16.4,12.4,20.5,0.0,,,,,,
2007-08-30,16.3,11.1,21.1,0.0,,349.0,13.6,,1021.2,
2007-08-31,17.9,16.1,21.0,0.0,,306.0,10.6,,1022.9,
2007-09-01,17.9,15.8,21.2,0.0,,281.0,7.2,,1022.7,
2007-09-02,17.8,15.6,21.5,0.0,,280.0,6.5,,1020.7,
2007-09-03,15.9,14.4,18.9,0.0,,297.0,13.9,,1018.5,
2007-09-04,14.4,8.9,17.2,0.2,,353.0,14.1,,1026.2,
2007-09-05,15.4,9.9,19.7,0.0,,343.0,8.4,,1030.7,
2007-09-06,18.1,15.8,21.3,0.0,,353.0,11.4,,1029.1,
2007-09-07,18.1,15.9,21.8,0.5,,16.0,15.0,,1029.1,
2007-09-08,18.9,14.2,23.7,0.0,,18.0,9.9,,1026.1,
2007-09-09,17.6,15.2,21.4,0.0,,8.0,11.7,,1023.4,
2007-09-10,16.3,11.9,20.0,0.0,,291.0,9.8,,1020.8,
2007-09-11,15.3,11.8,18.4,0.0,,0.0,9.6,,1023.9,
2007-09-12,15.5,11.1,20.1,0.0,,17.0,12.0,,1026.5,
2007-09-13,16.8,11.2,22.6,0.0,,46.0,10.0,,1023.4,
2007-09-14,17.6,12.5,22.6,0.0,,306.0,7.6,,1020.9,
2007-09-15,18.0,14.9,22.9,0.0,,127.0,6.1,,1024.1,
2007-09-16,19.3,12.7,26.4,0.0,,187.0,8.4,,1017.2,
2007-09-17,16.4,11.8,22.6,0.0,,268.0,9.9,,1011.5,
2007-09-18,12.6,11.1,15.5,2.5,,326.0,13.4,,1020.3,
2007-09-19,11.9,7.6,16.5,0.0,,244.0,6.7,,1025.9,
2007-09-20,14.1,7.8,19.8,0.0,,210.0,9.1,,1023.7,
2007-09-21,15.3,8.2,22.5,0.0,,166.0,6.1,,1021.4,
2007-09-22,16.2,12.0,20.6,0.0,,203.0,5.9,,1021.5,
2007-09-23,17.4,13.5,22.2,0.0,,188.0,7.8,,1021.5,
2007-09-24,15.3,13.3,19.1,0.0,,216.0,12.3,,1016.2,
2007-09-25,12.4,9.8,17.5,0.8,,242.0,13.0,,1017.4,
2007-09-26,11.0,9.4,15.4,1.5,,325.0,13.6,,1016.3,
2007-09-27,12.0,9.0,15.8,2.5,,346.0,18.7,,1013.1,
2007-09-28,13.0,12.3,14.7,0.8,,298.0,15.0,,1008.5,
2007-09-29,13.7,11.9,17.0,7.4,,225.0,10.4,,1013.6,
2007-09-30,13.3,7.4,19.5,0.0,,104.0,8.1,,1020.6,
2007-10-01,18.3,14.4,21.9,0.0,,140.0,8.7,,1019.6,
2007-10-02,18.3,16.4,21.6,1.8,,142.0,4.5,,1018.7,
2007-10-03,18.2,16.2,21.5,0.8,,212.0,4.8,,1017.7,
2007-10-04,15.4,13.8,18.3,0.0,,7.0,8.5,,1021.0,
2007-10-05,14.4,12.0,17.7,0.3,,27.0,17.3,,1021.8,
2007-10-06,14.2,9.7,20.1,0.0,,20.0,9.2,,1020.2,
2007-10-07,13.8,8.9,19.3,0.0,,8.0,4.9,,1020.7,
2007-10-08,13.9,10.5,17.5,0.0,,349.0,8.5,,1023.8,
2007-10-09,14.6,11.1,18.2,0.0,,281.0,10.4,,1025.4,
2007-10-10,13.2,11.0,16.3,9.1,,341.0,9.1,,1022.9,
2007-10-11,12.9,11.4,15.7,0.0,,11.0,9.5,,1027.2,
2007-10-12,13.7,10.3,17.2,0.0,,353.0,7.8,,1026.0,
2007-10-13,14.3,12.5,16.7,0.0,,51.0,8.1,,1024.9,
2007-10-14,13.2,9.0,18.3,0.0,,116.0,7.9,,1020.7,
2007-10-15,11.8,9.6,15.9,0.0,,191.0,9.7,,1018.3,
2007-10-16,14.1,8.5,21.3,0.0,,174.0,10.2,,1018.5,
2007-10-17,13.1,11.5,17.0,0.5,,242.0,12.3,,1019.3,
2007-10-18,11.3,8.7,14.6,0.0,,354.0,10.1,,1031.0,
2007-10-19,9.8,6.7,13.2,0.0,,14.0,9.4,,1034.2,
2007-10-20,8.2,5.7,11.7,0.0,,43.0,10.3,,1034.5,
2007-10-21,7.7,3.5,12.0,0.0,,25.0,7.1,,1031.1,
2007-10-22,8.7,6.0,12.0,0.0,,54.0,8.9,,1024.7,
2007-10-23,6.6,2.7,10.8,0.0,,42.0,13.0,,1022.4,
2007-10-24,6.6,2.8,10.6,0.0,,22.0,14.5,,1021.6,
2007-10-25,9.1,6.3,10.5,0.0,,34.0,12.3,,1021.1,
2007-10-26,9.7,9.1,10.6,0.0,,26.0,9.5,,1021.0,
2007-10-27,9.8,7.1,11.3,0.0,,,6.0,,1028.3,
2007-10-28,8.8,5.4,11.7,0.0,,194.0,9.1,,,
2007-10-29,9.7,8.0,11.5,2.8,,214.0,15.8,,,
2007-10-30,9.8,6.5,12.9,24.9,,311.0,12.1,,,
2007-10-31,9.1,5.5,13.2,1.5,,13.0,8.8,,,
2007-11-01,11.7,6.6,13.6,0.0,,,6.8,,,
2007-11-02,12.6,11.3,14.1,0.0,,26.0,8.4,,1033.5,
2007-11-03,13.1,12.5,14.4,0.0,,8.0,10.7,,1030.4,
2007-11-04,11.7,10.3,13.4,0.0,,24.0,12.6,,1028.3,
2007-11-05,9.8,7.3,13.0,0.0,,7.0,8.0,,1029.1,
2007-11-06,9.5,7.7,11.5,0.0,,321.0,13.0,,1031.7,
2007-11-07,9.5,6.1,11.7,0.0,,260.0,10.0,,1029.6,
2007-11-08,11.0,8.7,13.4,0.0,,251.0,12.2,,1021.5,
2007-11-09,7.5,4.8,11.6,3.3,,307.0,17.5,,1024.4,
2007-11-10,10.2,4.7,12.9,0.3,,272.0,13.3,,1024.3,
2007-11-11,11.1,8.6,13.3,0.0,,278.0,15.3,,1018.8,
2007-11-12,6.9,5.3,10.8,2.0,,328.0,10.4,,1024.2,
2007-11-13,6.4,3.5,8.6,0.0,,249.0,11.8,,1017.4,
2007-11-14,6.6,4.0,8.6,3.0,,342.0,15.7,,1014.5,
2007-11-15,3.1,1.3,6.4,0.0,,13.0,14.7,,1025.4,
2007-11-16,1.7,-0.2,4.9,0.0,,30.0,8.8,,1029.9,
2007-11-17,2.9,-0.3,7.1,0.0,,25.0,6.1,,1027.7,
2007-11-18,1.2,-0.7,4.1,0.0,,141.0,14.5,,1011.4,
2007-11-19,6.2,1.9,8.7,3.6,,162.0,12.5,,1004.5,
2007-11-20,9.6,7.0,11.7,3.8,,134.0,10.1,,1003.9,
2007-11-21,10.6,7.9,13.4,5.6,,178.0,11.5,,1004.6,
2007-11-22,9.3,5.7,13.7,0.0,,201.0,9.5,,1006.7,
2007-11-23,7.8,4.9,11.1,0.0,,356.0,16.5,,1016.4,
2007-11-24,5.1,2.5,8.2,0.3,,339.0,10.3,,1027.4,
2007-11-25,7.9,4.6,10.7,0.5,,269.0,10.3,,1025.3,
2007-11-26,8.0,6.3,9.8,0.0,,326.0,10.7,,1030.7,
2007-11-27,6.5,3.5,10.6,0.0,,157.0,5.1,,1030.3,
2007-11-28,2.2,0.2,6.1,0.0,,166.0,6.0,,1023.0,
2007-11-29,4.9,0.1,9.7,0.3,,192.0,13.2,,1013.4,
2007-11-30,7.3,4.6,10.0,0.3,,209.0,11.4,,1013.6,
2007-12-01,9.4,7.8,11.0,5.8,,216.0,18.8,,1009.9,
2007-12-02,10.3,7.7,11.7,2.0,,216.0,22.2,,1004.8,
2007-12-03,9.4,8.3,11.8,27.4,,262.0,17.0,,1004.7,
2007-12-04,9.4,7.2,11.1,0.5,,237.0,11.7,,1018.9,
2007-12-05,11.4,10.2,13.3,0.0,,203.0,16.6,,1018.6,
2007-12-06,11.3,9.2,13.3,0.0,,218.0,17.4,,1017.8,
2007-12-07,10.9,7.2,13.8,7.4,,255.0,19.9,,1007.0,
2007-12-08,6.8,4.6,10.8,4.3,,210.0,15.6,,1007.9,
2007-12-09,8.8,7.9,11.1,10.7,,227.0,19.4,,992.9,
2007-12-10,7.8,7.3,8.9,4.8,,293.0,18.4,,1005.9,
2007-12-11,5.6,4.3,7.8,1.0,,334.0,16.5,,1028.4,
2007-12-12,3.9,2.3,7.1,0.5,,7.0,9.7,,1036.8,
2007-12-13,2.9,1.0,6.0,0.3,,22.0,10.9,,1039.2,
2007-12-14,1.4,0.4,3.2,0.0,,25.0,13.0,,1037.5,
2007-12-15,1.1,-0.2,3.0,0.0,,53.0,14.5,,1033.1,
2007-12-16,-0.2,-2.3,1.8,0.0,,44.0,12.1,,1033.7,
2007-12-17,-0.2,-1.0,1.1,0.0,,63.0,14.2,,1031.1,
2007-12-18,-1.1,-2.3,0.9,0.0,,64.0,10.2,,1033.5,
2007-12-19,-1.6,-3.6,0.9,0.0,,94.0,9.1,,1036.6,
2007-12-20,-0.6,-3.1,2.7,0.0,,91.0,6.6,,1033.8,
2007-12-21,1.1,-2.2,5.4,0.0,,122.0,5.8,,1027.7,
2007-12-22,2.2,-1.7,7.3,0.0,,,4.4,,1026.5,
2007-12-23,3.0,-0.7,8.0,0.0,,,3.1,,1029.4,
2007-12-24,1.9,-1.7,6.0,0.0,,165.0,7.4,,1028.7,
2007-12-25,2.4,-0.1,4.5,0.0,,164.0,9.8,,1021.7,
2007-12-26,3.4,1.1,4.9,0.5,,210.0,7.5,,1028.0,
2007-12-27,5.3,2.8,7.0,0.3,,182.0,7.7,,1033.2,
2007-12-28,5.6,4.5,7.0,0.0,,182.0,12.4,,1029.4,
2007-12-29,6.8,4.9,9.4,0.0,,208.0,15.0,,1020.4,
2007-12-30,6.9,5.0,9.2,0.5,,273.0,9.8,,1027.1,
2007-12-31,6.5,5.5,8.1,0.0,,213.0,5.4,,1030.5,
2008-01-01,4.4,0.4,6.5,0.0,,147.0,7.0,,1024.6,
2008-01-02,0.7,-0.8,3.6,0.0,,93.0,12.6,,1014.8,
2008-01-03,2.3,-1.4,5.0,0.0,,99.0,8.5,,1001.0,
2008-01-04,7.7,4.2,10.3,0.5,,154.0,12.7,,1005.3,
2008-01-05,8.6,6.2,9.8,7.6,,200.0,16.2,,1005.5,
2008-01-06,7.7,5.5,9.6,0.5,,217.0,11.0,,1012.9,
2008-01-07,9.6,7.5,11.9,4.1,,234.0,15.9,,1017.4,
2008-01-08,5.9,5.0,9.2,0.0,,186.0,12.2,,1021.1,
2008-01-09,7.6,5.6,9.9,0.0,,208.0,12.4,,1016.2,
2008-01-10,7.8,4.0,11.3,1.3,,183.0,16.9,,1014.2,
2008-01-11,9.6,8.1,11.2,0.0,,183.0,20.2,,1000.7,
2008-01-12,6.8,5.2,9.2,2.5,,232.0,15.8,,1010.7,
2008-01-13,6.4,5.0,9.2,0.3,,157.0,15.0,,1012.7,
2008-01-14,7.7,5.1,10.4,0.5,,187.0,16.4,,1006.9,
2008-01-15,8.7,7.8,9.3,0.8,,190.0,24.8,,999.7,
2008-01-16,7.1,6.1,9.3,10.9,,201.0,12.7,,997.0,
2008-01-17,8.4,5.6,11.3,1.0,,205.0,14.1,,1008.7,
2008-01-18,10.7,7.8,12.9,0.3,,222.0,16.0,,1018.8,
2008-01-19,13.1,12.0,14.9,1.3,,225.0,15.4,,1027.0,
2008-01-20,12.2,11.2,13.5,0.0,,218.0,12.0,,1028.2,
2008-01-21,10.7,9.5,11.9,0.0,,224.0,15.2,,1021.4,
2008-01-22,7.9,4.1,11.8,2.0,,284.0,14.8,,1024.1,
2008-01-23,7.3,3.5,11.0,0.0,,182.0,9.6,,1031.5,
2008-01-24,8.6,7.1,11.0,0.0,,228.0,11.4,,1031.3,
2008-01-25,6.1,3.5,10.0,0.3,,251.0,6.4,,1041.4,
2008-01-26,4.7,1.7,9.4,0.0,,198.0,6.1,,1039.7,
2008-01-27,4.5,-0.9,11.3,0.0,,216.0,6.2,,1036.8,
2008-01-28,4.5,2.4,7.3,0.0,,86.0,6.1,,1035.5,
2008-01-29,3.2,1.4,5.4,0.0,,118.0,5.5,,1029.9,
2008-01-30,3.4,2.2,5.2,0.0,,260.0,10.6,,1028.2,
2008-01-31,3.7,0.0,6.8,2.0,,194.0,19.5,,1020.5,
2008-02-01,5.7,3.9,7.6,13.7,,237.0,12.8,,1004.3,
2008-02-02,3.8,1.0,8.5,9.7,,246.0,9.7,,1017.9,
2008-02-03,4.1,-0.7,9.4,0.0,,157.0,15.3,,1010.1,
2008-02-04,6.6,4.2,9.5,4.3,,206.0,15.6,,1004.7,
2008-02-05,8.9,4.0,11.5,2.3,,193.0,23.5,,1012.4,
2008-02-06,10.2,6.9,12.9,7.4,,270.0,17.0,,1024.8,
2008-02-07,6.8,2.6,12.0,0.0,,149.0,6.4,,1036.9,
2008-02-08,6.9,2.0,12.6,0.0,,117.0,7.8,,1034.3,
2008-02-09,7.3,3.1,13.7,0.0,,104.0,7.7,,1032.3,
2008-02-10,7.2,2.8,11.8,0.0,,,,,,
2008-02-11,7.7,3.1,12.0,0.0,,75.0,9.3,,1032.0,
2008-02-12,7.5,3.1,11.8,0.0,,54.0,8.0,,1032.9,
2008-02-13,6.3,3.8,11.7,0.0,,41.0,8.8,,,
2008-02-14,3.0,1.0,8.8,0.0,,17.0,11.2,,1034.7,
2008-02-15,1.3,0.1,2.6,0.0,,34.0,13.8,,1035.1,
2008-02-16,2.3,-1.1,6.5,0.0,,51.0,13.6,,1038.7,
2008-02-17,3.1,-1.2,8.4,0.0,,92.0,8.8,,1038.4,
2008-02-18,4.9,0.0,11.1,0.0,,91.0,7.3,,1032.7,
2008-02-19,6.2,1.5,10.8,0.0,,118.0,7.8,,1023.8,
2008-02-20,8.4,6.7,9.7,0.8,,184.0,7.1,,1020.5,
2008-02-21,9.3,7.4,10.6,0.5,,239.0,10.0,,1026.7,
2008-02-22,10.7,7.7,14.0,0.0,,239.0,11.2,,1029.2,
2008-02-23,10.2,8.1,13.4,0.0,,217.0,7.2,,1029.6,
2008-02-24,10.1,3.7,16.5,0.0,,175.0,8.8,,1021.1,
2008-02-25,11.2,10.2,14.7,2.0,,210.0,9.0,,1021.8,
2008-02-26,9.8,7.8,11.8,0.0,,213.0,15.6,,1014.3,
2008-02-27,8.3,5.4,11.9,3.6,,243.0,8.6,,1020.6,
2008-02-28,10.1,7.0,13.1,0.0,,180.0,9.2,,1020.7,
2008-02-29,11.4,9.7,12.9,1.5,,239.0,13.3,,1018.7,
2008-03-01,12.2,10.1,14.1,0.5,,262.0,22.5,,1013.3,
2008-03-02,11.8,9.8,14.4,0.0,,236.0,14.8,,1016.3,
2008-03-03,8.9,5.6,13.6,0.8,,258.0,15.8,,1014.5,
2008-03-04,4.8,3.1,8.5,2.5,,327.0,20.4,,1019.7,
2008-03-05,4.3,1.2,7.5,0.8,,352.0,18.6,,1032.7,
2008-03-06,5.4,0.8,9.1,0.0,,227.0,6.8,,1027.5,
2008-03-07,8.3,7.3,10.4,0.5,,264.0,9.3,,1017.4,
2008-03-08,7.8,3.2,12.3,0.0,,216.0,10.6,,1012.8,
2008-03-09,7.9,5.6,10.0,0.0,,197.0,15.7,,1003.1,
2008-03-10,7.2,4.2,10.2,4.8,,193.0,25.6,,989.0,
2008-03-11,10.3,6.3,14.5,5.8,,224.0,21.3,,995.8,
2008-03-12,10.0,7.3,14.2,6.9,,261.0,23.5,,1007.4,
2008-03-13,9.1,6.4,11.8,0.8,,227.0,13.8,,1017.6,
2008-03-14,12.7,9.0,14.7,1.3,,239.0,11.6,,1014.1,
2008-03-15,12.2,7.3,17.5,0.0,,141.0,10.3,,1006.7,
2008-03-16,10.6,8.7,15.4,5.8,,231.0,16.5,,1001.4,
2008-03-17,7.3,5.4,10.2,2.5,,10.0,17.2,,1013.6,
2008-03-18,5.4,2.9,7.9,0.0,,12.0,16.5,,1017.6,
2008-03-19,5.4,3.9,9.1,0.0,,348.0,18.3,,,
2008-03-20,6.2,2.3,9.7,0.5,,269.0,15.2,,1018.8,
2008-03-21,7.3,4.3,10.4,2.3,,277.0,23.2,,992.9,
2008-03-22,4.3,2.5,9.1,6.9,,314.0,17.0,,992.3,
2008-03-23,3.2,0.1,7.1,3.3,,290.0,15.0,,1001.5,
2008-03-24,3.6,1.3,6.8,3.6,,297.0,16.0,,999.8,
2008-03-25,4.7,1.3,7.5,1.8,,291.0,11.5,,1008.3,
2008-03-26,7.4,4.9,10.5,0.0,,176.0,7.9,,1002.4,
2008-03-27,7.2,5.1,10.7,8.6,,289.0,12.8,,1001.6,
2008-03-28,6.7,2.5,10.2,1.0,,198.0,15.3,,1008.0,
2008-03-29,9.8,4.5,13.7,4.6,,199.0,15.8,,1015.9,
2008-03-30,9.4,7.9,12.8,0.0,,186.0,13.1,,1006.3,
2008-03-31,8.9,5.4,14.2,8.4,,204.0,9.5,,1015.3,
2008-04-01,10.3,5.5,15.1,2.5,,225.0,10.2,,1024.2,
2008-04-02,10.7,8.5,13.9,0.0,,286.0,13.6,,1026.4,
2008-04-03,11.4,8.8,15.2,2.5,,352.0,14.5,,1028.0,
2008-04-04,10.7,4.9,15.9,0.0,,355.0,7.5,,1028.6,
2008-04-05,9.1,7.2,13.5,0.0,,285.0,11.8,,1015.5,
2008-04-06,4.7,1.5,9.8,1.5,,317.0,12.8,,1004.9,
2008-04-07,3.4,0.0,9.8,0.0,10.0,257.0,11.0,,1005.0,
2008-04-08,6.2,1.8,9.3,0.5,,81.0,8.7,,1004.0,
2008-04-09,7.7,5.5,9.6,0.0,,44.0,9.7,,998.9,
2008-04-10,9.1,4.6,13.5,0.0,,14.0,11.3,,998.8,
2008-04-11,10.2,6.5,14.3,0.0,,284.0,11.6,,1001.6,
2008-04-12,9.5,5.0,14.6,0.3,,219.0,11.8,,1009.7,
2008-04-13,9.3,7.4,14.3,1.0,,196.0,9.5,,1011.4,
2008-04-14,8.2,6.1,11.0,9.9,,297.0,12.6,,1016.1,
2008-04-15,8.3,5.6,12.5,5.1,,328.0,9.7,,1022.7,
2008-04-16,8.8,3.1,14.3,0.0,,93.0,8.1,,1019.7,
2008-04-17,8.6,3.5,13.0,0.0,,81.0,16.9,,1005.0,
2008-04-18,11.1,6.9,15.1,0.5,,96.0,12.1,,993.9,
2008-04-19,12.5,9.8,17.1,6.6,,177.0,12.1,,995.9,
2008-04-20,12.8,9.5,17.3,0.0,,108.0,7.7,,999.7,
2008-04-21,12.7,11.0,15.8,6.4,,119.0,11.2,,999.1,
2008-04-22,13.9,9.1,19.4,0.0,,261.0,6.5,,1007.6,
2008-04-23,12.8,9.4,17.4,0.0,,269.0,9.5,,1017.9,
2008-04-24,12.6,6.3,19.0,0.0,,219.0,11.5,,1024.6,
2008-04-25,13.4,8.6,18.5,1.3,,287.0,7.1,,1029.6,
2008-04-26,15.8,9.3,21.7,0.0,,132.0,8.9,,1026.7,
2008-04-27,18.3,11.2,25.3,0.0,,159.0,10.0,,1016.8,
2008-04-28,12.6,8.9,21.4,0.5,,261.0,13.3,,,
2008-04-29,10.1,6.6,13.2,3.0,,182.0,15.6,,1002.4,
2008-04-30,10.6,8.0,14.9,6.4,,193.0,18.8,,997.8,
2008-05-01,10.5,6.6,15.0,3.3,,201.0,14.2,,1011.1,
2008-05-02,13.0,7.0,18.7,0.3,,185.0,7.8,,1021.3,
2008-05-03,17.8,11.3,23.8,0.0,,85.0,7.8,,1022.7,
2008-05-04,18.0,12.6,25.0,0.0,,71.0,10.0,,,
2008-05-05,18.4,13.6,22.8,0.0,,68.0,11.8,,1021.7,
2008-05-06,18.6,12.3,23.9,0.0,,71.0,10.9,,1020.8,
2008-05-07,20.1,13.6,25.7,0.0,,99.0,9.0,,1018.0,
2008-05-08,20.7,13.7,26.8,0.0,,111.0,11.7,,1013.7,
2008-05-09,19.6,15.0,25.1,0.0,,149.0,8.9,,1012.5,
2008-05-10,21.5,16.7,27.3,0.0,,12.0,10.7,,1014.2,
2008-05-11,21.5,16.4,26.1,0.0,,53.0,10.7,,1015.6,
2008-05-12,20.7,14.8,26.5,0.0,,39.0,9.7,,1014.6,
2008-05-13,21.6,15.4,26.8,0.0,,58.0,8.2,,1013.1,
2008-05-14,19.8,15.5,27.0,0.0,,159.0,7.7,,1011.1,
2008-05-15,17.1,14.1,21.2,19.6,,190.0,8.8,,1009.1,
2008-05-16,17.4,12.2,23.2,0.0,,170.0,8.1,,1007.0,
2008-05-17,15.3,12.5,19.8,2.8,,235.0,8.5,,1006.3,
2008-05-18,13.7,11.7,17.8,9.7,,344.0,9.8,,1009.2,
2008-05-19,12.9,9.3,16.6,0.0,,18.0,16.2,,1013.0,
2008-05-20,14.4,9.0,19.5,0.0,,16.0,14.0,,1014.6,
2008-05-21,15.9,9.5,21.1,0.0,,60.0,9.7,,1014.7,
2008-05-22,17.0,14.6,20.9,0.0,,122.0,7.5,,1014.2,
2008-05-23,18.1,13.1,22.5,0.0,,119.0,7.9,,1011.7,
2008-05-24,18.3,16.7,22.4,0.0,,98.0,10.6,,1005.2,
2008-05-25,17.9,13.7,22.8,1.8,,152.0,8.6,,1009.1,
2008-05-26,16.4,14.4,20.1,3.0,,146.0,9.5,,1007.4,
2008-05-27,15.7,12.8,18.1,4.3,,92.0,7.1,,1008.3,
2008-05-28,17.9,14.4,22.8,24.4,,178.0,14.2,,1008.0,
2008-05-29,18.0,15.6,20.7,0.0,,111.0,4.8,,1011.5,
2008-05-30,18.9,15.5,23.7,0.8,,10.0,7.8,,1011.7,
2008-05-31,16.8,14.6,21.1,0.0,,27.0,7.8,,1015.6,
2008-06-01,18.2,13.9,22.6,0.0,,59.0,8.0,,1013.8,
2008-06-02,18.8,16.1,22.4,0.8,,138.0,6.9,,1011.4,
2008-06-03,15.4,12.9,21.0,1.8,,231.0,12.5,,1013.3,
2008-06-04,15.6,12.4,19.0,2.3,,296.0,9.4,,1017.6,
2008-06-05,16.6,13.8,19.8,0.0,,2.0,11.2,,1016.8,
2008-06-06,14.9,12.9,17.9,0.0,,315.0,13.5,,1016.8,
2008-06-07,15.4,11.8,18.9,0.0,,313.0,12.0,,1018.5,
2008-06-08,16.7,11.8,21.4,0.0,,342.0,10.7,,1021.1,
2008-06-09,21.5,15.0,27.7,0.0,,7.0,13.9,,1022.0,
2008-06-10,22.1,16.5,27.5,0.0,,2.0,12.1,,1021.2,
2008-06-11,18.2,15.3,25.2,0.0,,4.0,16.5,,1021.5,
2008-06-12,14.5,12.5,18.3,0.0,,288.0,14.5,,1016.9,
2008-06-13,14.2,10.0,17.8,5.6,,337.0,8.4,,1018.4,
2008-06-14,15.7,11.7,19.6,0.0,,278.0,9.3,,1016.7,
2008-06-15,14.3,11.6,18.2,0.0,,251.0,8.4,,1012.1,
2008-06-16,16.1,12.6,20.5,0.5,,67.0,8.8,,1009.7,
2008-06-17,17.8,11.4,23.2,0.0,,341.0,8.7,,1012.5,
2008-06-18,18.2,13.7,22.7,0.0,,230.0,11.0,,1016.2,
2008-06-19,17.4,14.0,21.5,0.0,,221.0,12.5,,1014.9,
2008-06-20,19.5,15.7,23.5,3.6,,245.0,7.8,,1019.7,
2008-06-21,22.6,16.4,28.3,0.0,,204.0,6.8,,1018.8,
2008-06-22,22.8,18.6,28.0,0.5,,223.0,13.3,,1014.6,
2008-06-23,18.7,13.2,26.1,0.0,,11.0,8.1,,1019.7,
2008-06-24,22.9,15.9,29.7,0.0,,45.0,7.4,,1015.7,
2008-06-25,22.1,19.4,27.6,0.0,,274.0,12.7,,1016.7,
2008-06-26,19.9,14.8,24.9,0.0,,330.0,8.1,,1021.5,
2008-06-27,18.2,14.1,23.1,0.0,,276.0,15.3,,1022.4,
2008-06-28,21.3,18.4,25.9,0.0,,259.0,8.6,,1021.5,
2008-06-29,20.8,17.6,25.0,0.0,,312.0,9.3,,1020.1,
2008-06-30,20.3,14.9,26.2,0.0,,331.0,8.8,,1021.4,
2008-07-01,24.4,15.7,31.8,0.0,,110.0,9.1,,1014.8,
2008-07-02,20.6,18.0,31.3,0.0,,248.0,9.1,,1009.8,
2008-07-03,17.8,14.4,23.5,5.6,,244.0,10.1,,1012.2,
2008-07-04,18.3,10.4,24.4,0.3,,155.0,7.5,,1017.1,
2008-07-05,19.4,17.2,23.0,0.3,,189.0,11.8,,1013.5,
2008-07-06,18.2,12.4,24.0,2.8,,216.0,14.7,,1010.2,
2008-07-07,16.4,13.6,22.4,0.0,,213.0,19.2,,1007.2,
2008-07-08,16.1,13.5,19.7,2.0,,236.0,14.4,,1013.6,
2008-07-09,19.1,12.8,25.4,1.5,,214.0,10.8,,1016.7,
2008-07-10,21.7,15.3,28.3,0.0,,210.0,14.2,,1012.1,
2008-07-11,19.4,16.6,25.6,0.0,,233.0,12.5,,1009.8,
2008-07-12,16.8,14.0,22.4,0.5,,274.0,13.8,,1011.9,
2008-07-13,16.1,12.8,19.6,0.3,,318.0,9.1,,1015.4,
2008-07-14,18.6,12.2,24.9,0.5,,313.0,7.2,,1023.9,
2008-07-15,21.3,14.9,27.3,0.0,,315.0,8.4,,1027.5,
2008-07-16,18.9,17.1,25.2,0.0,,293.0,10.6,,1023.2,
2008-07-17,18.4,15.2,22.0,0.0,,306.0,10.0,,1017.4,
2008-07-18,18.8,15.3,22.0,0.0,,257.0,10.9,,1014.7,
2008-07-19,19.8,17.1,24.2,0.0,,240.0,13.9,,1013.0,
2008-07-20,16.8,12.9,22.4,0.0,,298.0,12.5,,1017.5,
2008-07-21,16.3,12.6,20.4,0.0,,309.0,13.0,,1023.0,
2008-07-22,19.4,12.4,25.7,0.0,,318.0,8.6,,1025.8,
2008-07-23,21.9,14.5,28.0,0.0,,58.0,8.6,,1022.9,
2008-07-24,23.4,16.4,29.3,0.0,,93.0,12.3,,1015.6,
2008-07-25,22.0,18.0,27.4,0.0,,275.0,8.1,,1011.6,
2008-07-26,21.3,16.4,26.1,21.1,,328.0,8.5,,1015.0,
2008-07-27,23.8,19.3,29.7,0.0,,8.0,8.3,,1016.7,
2008-07-28,25.1,19.7,31.8,0.5,,102.0,7.7,,1013.3,
2008-07-29,21.6,17.4,30.5,5.1,,227.0,10.3,,1016.3,
2008-07-30,24.6,17.4,31.3,0.0,,109.0,4.6,,1017.0,
2008-07-31,26.2,20.4,34.0,0.0,,143.0,9.7,,,
2008-08-01,20.3,16.8,30.3,0.0,,229.0,13.2,,1016.4,
2008-08-02,19.2,15.2,25.0,0.0,,203.0,12.1,,1017.3,
2008-08-03,20.9,17.4,24.8,1.3,,216.0,12.5,,1015.5,
2008-08-04,20.2,17.5,24.5,7.9,,278.0,12.5,,1013.1,
2008-08-05,22.6,17.7,28.5,0.0,,,8.9,,1016.3,
2008-08-06,25.3,17.4,32.4,0.0,,154.0,7.8,,1012.5,
2008-08-07,20.2,17.1,30.1,30.5,,217.0,11.3,,1007.4,
2008-08-08,18.3,16.2,21.7,16.5,,264.0,12.8,,1011.6,
2008-08-09,19.8,14.2,25.0,1.3,,241.0,9.5,,1016.4,
2008-08-10,19.3,16.2,23.5,0.0,,210.0,13.8,,1010.5,
2008-08-11,18.9,14.9,23.4,0.0,,214.0,8.1,,1006.5,
2008-08-12,19.9,15.8,24.7,4.8,,214.0,18.2,,997.9,
2008-08-13,18.4,15.0,22.8,0.0,,223.0,19.3,,1008.8,
2008-08-14,16.9,11.9,22.1,0.3,,203.0,8.3,,1015.6,
2008-08-15,18.1,14.3,22.8,2.3,,333.0,8.7,,1016.0,
2008-08-16,18.7,13.5,24.0,0.0,,147.0,10.1,,1011.7,
2008-08-17,18.6,15.8,22.5,0.0,,205.0,11.5,,1009.3,
2008-08-18,19.9,14.5,25.4,0.0,,200.0,13.2,,1009.7,
2008-08-19,18.5,15.6,23.8,0.3,,219.0,15.3,,1011.0,
2008-08-20,17.8,15.5,21.4,3.0,,224.0,11.9,,1015.8,
2008-08-21,16.9,13.7,23.2,0.0,,219.0,11.1,,1017.7,
2008-08-22,16.4,15.9,19.1,3.3,,261.0,6.1,,1014.5,
2008-08-23,16.1,12.8,20.1,21.1,,277.0,8.1,,1016.5,
2008-08-24,15.4,12.0,18.9,0.0,,201.0,8.7,,1014.8,
2008-08-25,18.2,13.9,22.6,2.3,,250.0,7.3,,1017.8,
2008-08-26,18.7,15.6,22.1,0.0,,285.0,6.3,,1023.5,
2008-08-27,18.7,14.7,22.8,0.0,,310.0,7.1,,1024.0,
2008-08-28,18.2,16.8,20.9,0.0,,307.0,8.0,,1022.7,
2008-08-29,18.7,17.0,22.2,0.0,,65.0,7.2,,1020.5,
2008-08-30,21.8,14.6,29.3,0.0,,91.0,7.2,,1015.3,
2008-08-31,21.9,18.1,27.1,0.0,,202.0,10.4,,1012.5,
2008-09-01,18.4,16.2,23.6,0.0,,232.0,9.8,,1017.3,
2008-09-02,17.4,13.6,22.9,0.8,,195.0,13.5,,1010.8,
2008-09-03,14.1,12.7,17.6,2.0,,204.0,10.8,,1008.5,
2008-09-04,14.8,10.6,19.2,1.0,,198.0,12.9,,1007.1,
2008-09-05,17.1,13.8,20.2,0.3,,169.0,14.1,,1000.5,
2008-09-06,17.8,14.8,21.6,2.3,,205.0,20.5,,1002.8,
2008-09-07,16.6,14.1,19.5,1.0,,223.0,15.1,,1009.6,
2008-09-08,16.2,11.8,21.4,0.0,,196.0,8.4,,1016.2,
2008-09-09,18.2,11.7,26.9,0.0,,161.0,9.6,,1013.8,
2008-09-10,20.1,16.4,25.1,0.3,,194.0,9.0,,1015.7,
2008-09-11,19.5,15.2,27.7,0.0,,199.0,9.8,,1010.0,
2008-09-12,15.7,13.5,19.0,6.6,,265.0,9.7,,1014.1,
2008-09-13,14.9,11.1,18.3,0.0,,331.0,11.3,,1018.0,
2008-09-14,15.3,12.2,19.9,0.0,,20.0,12.6,,1021.1,
2008-09-15,13.4,9.1,16.4,0.0,,36.0,11.5,,1022.8,
2008-09-16,13.6,8.9,17.9,0.0,,67.0,13.6,,1022.0,
2008-09-17,12.4,9.2,16.3,0.0,,73.0,12.0,,1020.5,
2008-09-18,11.7,7.8,16.1,0.0,,38.0,8.8,,1020.4,
2008-09-19,13.1,7.9,18.6,0.0,,358.0,11.0,,1024.5,
2008-09-20,13.9,8.6,19.8,0.0,,37.0,11.1,,1028.0,
2008-09-21,13.3,8.6,18.3,0.0,,59.0,14.1,,1023.6,
2008-09-22,13.7,9.3,18.5,0.0,,22.0,13.0,,1020.8,
2008-09-23,12.9,9.1,16.8,0.0,,11.0,11.5,,1019.8,
2008-09-24,14.6,12.0,19.7,1.5,,58.0,6.8,,1020.6,
2008-09-25,15.1,12.6,19.9,0.0,,20.0,12.7,,1027.5,
2008-09-26,14.1,9.7,19.1,0.0,,46.0,15.1,,1031.1,
2008-09-27,14.6,8.9,21.0,0.0,,57.0,10.9,,1029.3,
2008-09-28,14.2,9.4,20.4,0.0,,8.0,5.3,,1025.4,
2008-09-29,13.2,9.6,17.7,0.0,,306.0,7.9,,1020.2,
2008-09-30,12.2,9.9,15.2,0.0,,237.0,13.0,,1014.8,
2008-10-01,14.4,12.2,18.6,0.8,,237.0,18.0,,1007.8,
2008-10-02,10.6,7.9,14.5,0.5,,244.0,15.2,,1008.0,
2008-10-03,8.8,5.9,11.7,2.8,,268.0,12.9,,1011.0,
2008-10-04,9.1,6.0,14.0,1.3,,238.0,15.3,,,
2008-10-05,13.3,10.2,16.3,0.8,,207.0,29.1,,,
2008-10-06,15.4,14.1,18.4,0.5,,224.0,16.6,,,
2008-10-07,16.7,13.9,21.4,0.5,,182.0,12.4,,1012.6,
2008-10-08,14.1,12.0,17.0,10.9,,319.0,10.0,,1018.3,
2008-10-09,12.4,9.5,17.0,0.0,,18.0,9.5,,1030.8,
2008-10-10,13.2,7.6,19.6,0.0,,148.0,4.8,,1032.9,
2008-10-11,13.1,9.5,17.5,0.0,,131.0,6.1,,1028.8,
2008-10-12,14.7,10.5,20.7,0.3,,135.0,4.3,,1025.7,
2008-10-13,17.8,13.2,24.5,0.0,,196.0,8.7,,1020.7,
2008-10-14,15.7,14.0,19.5,0.0,,261.0,7.5,,1022.3,
2008-10-15,14.9,13.6,17.3,0.0,,216.0,12.6,,1018.6,
2008-10-16,12.5,9.5,15.8,1.5,,276.0,11.2,,1016.9,
2008-10-17,10.3,6.8,14.5,0.8,,295.0,5.3,,1021.4,
2008-10-18,9.9,5.7,15.0,0.0,,191.0,5.0,,1021.5,
2008-10-19,9.5,3.9,16.6,0.0,,175.0,5.9,,1022.9,
2008-10-20,13.9,6.7,19.5,0.0,,187.0,12.6,,1015.8,
2008-10-21,11.8,10.2,18.1,2.0,,257.0,9.8,,1013.5,
2008-10-22,10.3,8.2,13.4,5.3,,277.0,5.6,,1023.7,
2008-10-23,8.9,4.0,14.6,0.0,,179.0,7.5,,1028.1,
2008-10-24,10.3,7.0,13.1,0.0,,195.0,6.3,,1025.5,
2008-10-25,10.7,9.5,12.8,0.0,,123.0,6.3,,1031.6,
2008-10-26,10.7,7.2,14.5,0.0,,212.0,15.7,,1023.4,
2008-10-27,10.3,6.2,14.9,14.5,,284.0,12.8,,1011.4,
2008-10-28,7.2,5.0,10.7,3.3,,274.0,7.2,,1011.6,
2008-10-29,3.6,1.2,7.1,0.0,,152.0,5.7,,1008.0,
2008-10-30,4.4,2.8,6.4,0.3,,113.0,10.9,,995.8,
2008-10-31,6.4,4.3,7.5,0.3,,29.0,10.5,,1001.3,
2008-11-01,9.1,6.7,10.9,0.3,,93.0,14.4,,1001.9,
2008-11-02,9.5,6.9,13.2,0.3,,128.0,11.3,,1012.0,
2008-11-03,11.6,8.5,17.5,0.8,,49.0,7.8,,1010.6,
2008-11-04,11.6,6.8,16.4,0.0,,51.0,9.6,,1015.1,
2008-11-05,9.5,8.1,14.2,0.5,,14.0,15.2,,1012.7,
2008-11-06,9.5,8.3,10.4,4.3,,138.0,7.5,,1014.3,
2008-11-07,9.5,6.8,11.7,0.0,,187.0,9.7,,1013.7,
2008-11-08,8.8,4.9,12.2,2.8,,178.0,14.1,,1018.0,
2008-11-09,11.6,9.5,12.9,5.3,,208.0,15.9,,1017.7,
2008-11-10,14.0,10.7,15.1,0.3,,198.0,25.0,,1014.9,
2008-11-11,10.9,8.1,15.2,7.6,,221.0,16.8,,1013.7,
2008-11-12,8.3,7.2,10.0,1.5,,229.0,7.3,,1019.3,
2008-11-13,8.3,5.5,11.8,0.0,,267.0,5.3,,1026.2,
2008-11-14,8.9,6.3,10.9,0.0,,187.0,6.8,,1028.3,
2008-11-15,11.3,10.2,12.2,0.5,,252.0,5.9,,1029.9,
2008-11-16,12.0,11.6,12.9,0.0,,289.0,8.4,,1031.3,
2008-11-17,8.7,6.8,12.1,0.8,,83.0,8.8,,1030.8,
2008-11-18,9.7,6.7,11.8,1.5,,260.0,11.3,,1016.8,
2008-11-19,9.4,6.5,11.4,1.3,,265.0,9.5,,1022.7,
2008-11-20,10.6,9.0,12.9,0.0,,251.0,12.8,,,
2008-11-21,9.4,8.3,12.7,0.0,,293.0,22.2,,,
2008-11-22,4.9,3.2,8.7,3.6,,318.0,18.5,,1015.5,
2008-11-23,3.2,-0.1,7.8,0.0,,246.0,13.0,,1005.5,
2008-11-24,4.2,1.3,7.6,7.9,,293.0,13.0,,996.1,
2008-11-25,3.9,0.5,7.0,0.5,,333.0,15.7,,1016.2,
2008-11-26,5.3,3.0,7.7,0.0,,349.0,9.2,,1027.7,
2008-11-27,3.1,1.2,5.0,0.0,,177.0,10.7,,1021.5,
2008-11-28,1.9,0.9,4.5,0.0,,165.0,12.3,,1004.9,
2008-11-29,3.1,1.3,6.1,0.0,,122.0,9.8,,993.8,
2008-11-30,3.2,0.8,5.4,4.6,,135.0,10.0,,989.9,
2008-12-01,4.9,2.9,6.4,1.8,,295.0,11.3,,999.9,
2008-12-02,4.3,1.3,6.9,0.3,,245.0,14.7,,1009.5,
2008-12-03,4.7,1.5,7.8,4.1,,241.0,13.9,,1000.3,
2008-12-04,4.8,0.2,10.3,0.0,,198.0,10.6,,994.8,
2008-12-05,6.9,5.9,8.3,5.6,,225.0,15.1,,991.4,
2008-12-06,7.0,5.8,8.9,2.3,,283.0,11.7,,1010.8,
2008-12-07,4.0,2.9,7.8,0.0,,28.0,6.5,,1027.2,
2008-12-08,2.0,1.1,3.5,0.0,,135.0,6.9,,1025.6,
2008-12-09,2.2,0.6,3.9,0.0,,277.0,8.9,,1018.1,
2008-12-10,3.4,2.3,4.8,3.3,,322.0,11.0,,1017.2,
2008-12-11,1.5,-0.5,4.7,0.0,,216.0,6.2,,1013.7,
2008-12-12,-0.9,-1.6,2.7,0.0,,177.0,9.6,,1018.5,
2008-12-13,0.3,-2.1,3.5,0.0,,150.0,15.9,,1001.4,
2008-12-14,3.9,2.5,4.2,4.6,,69.0,11.8,,996.6,
2008-12-15,1.7,1.3,3.0,0.0,,0.0,13.3,,1012.1,
2008-12-16,0.9,0.4,1.7,0.0,,348.0,9.3,,1016.4,
2008-12-17,2.8,-0.7,6.6,0.0,,259.0,8.1,,1015.8,
2008-12-18,5.8,2.4,8.6,2.0,,238.0,6.4,,1022.6,
2008-12-19,8.3,6.3,9.7,0.5,,267.0,10.3,,1026.9,
2008-12-20,9.5,5.9,12.1,0.0,,232.0,12.0,,1030.2,
2008-12-21,10.2,9.6,11.5,0.0,,255.0,9.6,,1035.9,
2008-12-22,9.7,9.3,8.9,0.0,,276.0,7.5,,1036.7,
2008-12-23,8.2,5.6,10.1,0.3,,40.0,10.2,,1035.7,
2008-12-24,5.2,2.5,8.1,0.0,,30.0,8.2,,1034.1,
2008-12-25,5.9,4.5,7.2,0.0,,35.0,16.0,,1030.4,
2008-12-26,1.9,0.2,6.7,0.0,,43.0,19.3,,1030.5,
2008-12-27,0.2,-1.0,2.1,0.0,,53.0,14.9,,1030.4,
2008-12-28,-1.2,-2.8,0.9,0.0,,58.0,12.7,,1026.4,
2008-12-29,-1.1,-3.3,1.4,0.0,,73.0,12.6,,1027.1,
2008-12-30,0.7,-1.9,0.7,2.0,,45.0,10.9,,1028.1,
2008-12-31,1.8,0.4,3.3,0.0,,345.0,8.8,,1026.8,
2009-01-01,0.7,-1.7,2.6,0.0,,41.0,7.2,,1028.6,
2009-01-02,-0.2,-3.1,2.3,0.0,,27.0,11.1,,1027.1,
2009-01-03,-0.4,-2.1,1.9,0.0,,40.0,13.4,,1026.7,
2009-01-04,-2.2,-6.5,-0.5,0.0,,354.0,6.1,,1024.7,
2009-01-05,-0.6,-3.0,0.4,0.0,20.0,213.0,10.8,,1018.4,
2009-01-06,-4.7,-7.6,-0.5,2.5,41.0,15.0,13.9,,1022.7,
2009-01-07,-3.7,-8.9,0.7,0.0,30.0,359.0,11.2,,1024.6,
2009-01-08,-0.9,-3.5,1.8,0.0,20.0,43.0,18.0,,1027.3,
2009-01-09,-3.9,-6.4,-0.3,0.0,20.0,76.0,5.1,,1028.4,
2009-01-10,-2.9,-6.3,2.0,0.0,20.0,111.0,2.6,,1029.0,
2009-01-11,-1.6,-6.3,3.6,0.0,20.0,167.0,6.6,,1031.2,
2009-01-12,1.8,-2.0,5.1,0.0,20.0,176.0,11.2,,1023.8,
2009-01-13,4.5,3.1,6.0,2.0,,190.0,9.9,,1015.5,
2009-01-14,4.2,3.3,5.0,0.5,,229.0,7.1,,1017.1,
2009-01-15,3.2,1.0,6.0,0.0,,135.0,11.0,,1018.2,
2009-01-16,3.2,0.2,5.7,0.0,,168.0,9.6,,1019.6,
2009-01-17,7.1,4.8,8.9,0.0,,193.0,12.6,,1017.6,
2009-01-18,7.1,4.9,9.0,9.7,,214.0,19.1,,1004.8,
2009-01-19,7.8,4.7,12.2,7.9,,203.0,20.2,,992.7,
2009-01-20,3.8,1.9,6.8,3.6,,196.0,12.7,,996.7,
2009-01-21,2.3,1.3,4.8,0.0,,190.0,9.2,,1006.8,
2009-01-22,5.7,2.3,8.0,0.8,,184.0,17.4,,997.4,
2009-01-23,8.3,4.2,11.7,9.9,,235.0,20.8,,981.2,
2009-01-24,4.3,3.0,6.7,7.1,,307.0,11.0,,990.5,
2009-01-25,4.3,1.4,7.5,0.0,,161.0,12.6,,995.2,
2009-01-26,4.7,3.1,6.4,0.8,,204.0,6.0,,1000.6,
2009-01-27,3.9,2.0,6.0,0.0,,304.0,8.4,,1013.9,
2009-01-28,2.6,0.0,4.2,0.0,,175.0,6.6,,1017.3,
2009-01-29,0.4,-2.0,4.3,0.0,,121.0,7.5,,1018.8,
2009-01-30,1.9,-0.9,5.2,0.0,,107.0,12.6,,1017.4,
2009-01-31,1.7,-0.6,4.9,0.0,,96.0,13.8,,1011.6,
2009-02-01,-0.1,-2.2,2.4,0.0,,54.0,16.6,,1005.1,
2009-02-02,1.3,-1.4,5.5,1.8,30.0,75.0,9.6,,994.2,
2009-02-03,-0.4,-2.5,3.5,7.6,10.0,198.0,5.0,,1000.8,
2009-02-04,0.3,-3.1,3.2,0.0,,134.0,7.2,,996.6,
2009-02-05,6.6,1.8,10.2,4.3,,166.0,10.0,,991.8,
2009-02-06,6.9,3.3,11.3,0.0,,163.0,8.3,,990.0,
2009-02-07,2.6,0.7,9.0,0.0,,287.0,13.2,,993.6,
2009-02-08,2.9,0.3,6.4,1.5,,234.0,10.0,,1006.3,
2009-02-09,6.1,1.0,11.2,1.3,,187.0,15.3,,1001.9,
2009-02-10,5.9,3.6,11.8,13.7,,259.0,23.1,,999.1,
2009-02-11,4.3,1.0,7.2,0.5,,273.0,8.1,,1018.2,
2009-02-12,3.3,1.6,6.5,2.8,,330.0,14.8,,1023.2,
2009-02-13,1.9,0.4,4.0,2.3,10.0,282.0,11.0,,1021.9,
2009-02-14,2.3,1.0,4.7,0.8,,9.0,11.6,,1027.5,
2009-02-15,2.8,-0.5,6.1,0.0,,254.0,5.0,,1030.4,
2009-02-16,6.6,3.9,9.2,0.0,,293.0,9.9,,1026.4,
2009-02-17,7.9,5.8,10.6,0.5,,304.0,14.9,,1024.6,
2009-02-18,5.8,3.1,8.5,0.0,,24.0,11.1,,1025.4,
2009-02-19,3.9,-1.0,8.1,0.0,,185.0,5.1,,1028.4,
2009-02-20,7.6,5.8,9.7,0.0,,311.0,6.9,,1031.6,
2009-02-21,7.3,5.1,9.4,0.0,,301.0,6.2,,1032.9,
2009-02-22,7.7,5.8,9.4,0.0,,292.0,10.7,,1028.5,
2009-02-23,7.7,6.8,9.0,0.0,,319.0,10.9,,1024.4,
2009-02-24,6.6,5.6,8.1,0.3,,15.0,10.5,,1026.6,
2009-02-25,6.4,2.6,10.5,0.5,,192.0,4.4,,1030.2,
2009-02-26,6.9,3.4,9.4,0.0,,258.0,7.8,,1026.8,
2009-02-27,6.1,3.9,8.6,0.0,,249.0,6.9,,1023.5,
2009-02-28,8.2,2.6,14.6,0.0,,115.0,5.9,,1015.5,
2009-03-01,9.0,5.6,13.7,0.0,,192.0,8.1,,1009.1,
2009-03-02,8.0,4.7,12.2,0.0,,,,,,
2009-03-03,7.1,2.4,11.6,0.0,,200.0,10.9,,1013.2,
2009-03-04,5.1,2.1,9.1,1.0,,208.0,15.5,,988.8,
2009-03-05,2.7,-0.3,5.8,8.9,,212.0,8.9,,991.5,
2009-03-06,5.6,2.9,9.4,0.0,,317.0,15.5,,1005.9,
2009-03-07,6.5,1.0,11.7,0.0,,199.0,7.7,,1014.3,
2009-03-08,8.7,5.7,10.9,0.0,,238.0,13.4,,1010.6,
2009-03-09,6.7,4.1,10.6,1.8,,260.0,18.1,,,
2009-03-10,8.8,5.8,12.9,0.5,,247.0,22.0,,,
2009-03-11,8.3,4.4,12.2,5.1,,338.0,6.4,,1024.6,
2009-03-12,9.8,6.3,13.2,0.3,,232.0,9.0,,1025.3,
2009-03-13,10.0,8.4,13.0,0.3,,221.0,6.6,,1022.7,
2009-03-14,9.7,5.7,12.8,0.0,,245.0,9.6,,1019.7,
2009-03-15,10.2,6.0,14.2,0.0,,318.0,9.5,,1030.2,
2009-03-16,10.3,5.9,15.3,0.0,,57.0,7.3,,1033.0,
2009-03-17,11.4,6.5,16.8,0.0,,44.0,8.4,,1032.5,
2009-03-18,10.8,6.5,17.2,0.0,,54.0,14.6,,,
2009-03-19,10.9,5.7,16.5,0.0,,23.0,11.8,,1025.5,
2009-03-20,8.2,4.5,13.3,0.0,,76.0,12.1,,1029.4,
2009-03-21,7.9,2.6,12.7,0.0,,54.0,7.5,,1029.9,
2009-03-22,7.3,4.4,11.0,0.0,,321.0,10.0,,1030.3,
2009-03-23,10.1,4.9,15.2,0.0,,270.0,19.6,,,
2009-03-24,6.6,3.4,12.5,2.3,,313.0,18.3,,1016.7,
2009-03-25,7.8,4.6,11.4,0.3,,256.0,16.2,,1009.4,
2009-03-26,8.6,6.8,10.2,1.0,,239.0,15.3,,1010.2,
2009-03-27,9.3,6.7,11.7,2.3,,236.0,21.4,,,
2009-03-28,7.4,5.1,11.1,2.0,,255.0,14.0,,1000.4,
2009-03-29,6.8,3.5,11.1,5.6,,2.0,12.2,,1012.4,
2009-03-30,7.7,3.5,12.0,0.0,,32.0,9.6,,1020.5,
2009-03-31,9.9,4.3,14.9,0.0,,22.0,13.1,,1021.6,
2009-04-01,11.4,5.3,17.3,0.0,,22.0,16.0,,1016.8,
2009-04-02,13.5,7.9,19.1,0.0,,10.0,11.5,,1015.4,
2009-04-03,13.4,8.9,18.6,0.0,,282.0,5.3,,1016.8,
2009-04-04,11.4,7.4,16.4,0.0,,250.0,8.1,,1021.0,
2009-04-05,12.7,8.6,16.5,0.0,,38.0,5.4,,1022.6,
2009-04-06,15.2,9.8,21.2,0.0,,165.0,7.9,,1012.4,
2009-04-07,12.5,10.6,19.4,7.1,,233.0,9.1,,1010.9,
2009-04-08,10.6,7.0,13.9,0.3,,197.0,15.4,,1014.0,
2009-04-09,15.5,11.7,21.0,1.5,,175.0,12.9,,1013.1,
2009-04-10,15.8,12.3,20.4,0.0,,175.0,10.9,,1005.3,
2009-04-11,14.9,10.6,20.8,0.0,,181.0,8.9,,1007.5,
2009-04-12,14.8,11.6,19.0,6.6,,351.0,9.1,,1011.8,
2009-04-13,13.9,9.3,19.4,0.0,,332.0,9.8,,1011.5,
2009-04-14,16.4,12.1,20.3,0.0,,25.0,5.8,,1008.1,
2009-04-15,16.1,13.2,21.8,0.5,,137.0,12.8,,1004.4,
2009-04-16,12.4,10.4,19.2,0.3,,215.0,6.5,,1007.3,
2009-04-17,12.6,9.2,16.4,0.0,,271.0,10.6,,1010.2,
2009-04-18,10.4,9.1,14.3,0.0,,294.0,8.3,,1014.2,
2009-04-19,12.6,10.1,17.2,4.8,,35.0,8.8,,1018.6,
2009-04-20,14.7,9.8,20.4,0.3,,349.0,12.8,,1023.7,
2009-04-21,14.3,9.0,20.5,0.0,,341.0,14.6,,1024.7,
2009-04-22,14.3,9.2,19.7,0.0,,345.0,10.1,,1025.5,
2009-04-23,13.9,8.3,19.3,0.0,,48.0,7.9,,1023.3,
2009-04-24,13.9,7.9,19.4,0.0,,109.0,11.3,,1016.4,
2009-04-25,11.1,8.9,16.8,0.0,,165.0,11.8,,1010.2,
2009-04-26,12.0,9.1,15.2,0.5,,179.0,5.0,,1009.2,
2009-04-27,11.3,7.7,16.6,0.5,,206.0,14.8,,1003.6,
2009-04-28,8.9,5.0,14.3,12.4,,173.0,9.2,,1002.3,
2009-04-29,10.6,8.1,15.6,7.1,,309.0,6.7,,1009.0,
2009-04-30,13.1,6.0,20.1,0.3,,166.0,6.5,,1017.5,
2009-05-01,15.3,9.6,21.5,0.0,,309.0,7.8,,1023.5,
2009-05-02,14.1,9.1,19.9,0.0,,319.0,8.1,,1029.7,
2009-05-03,12.2,9.9,17.5,0.0,,318.0,8.8,,1027.8,
2009-05-04,12.0,7.4,16.2,0.0,,327.0,9.3,,1027.9,
2009-05-05,12.7,8.9,16.3,0.0,,264.0,9.4,,1026.0,
2009-05-06,13.4,9.7,17.0,0.0,,267.0,10.7,,1022.7,
2009-05-07,17.2,8.0,24.5,0.0,,192.0,7.7,,1016.8,
2009-05-08,14.8,12.7,23.2,0.0,,274.0,11.5,,1015.9,
2009-05-09,13.8,10.7,17.2,0.0,,124.0,6.0,,1017.5,
2009-05-10,15.9,10.8,21.6,1.8,,91.0,8.2,,1016.4,
2009-05-11,14.6,14.0,18.4,2.3,,29.0,11.3,,1014.5,
2009-05-12,15.2,12.0,20.2,24.9,,6.0,10.3,,1013.0,
2009-05-13,17.2,13.8,21.6,0.0,,12.0,6.7,,1012.9,
2009-05-14,15.4,13.2,18.7,9.9,,237.0,6.1,,1007.7,
2009-05-15,12.9,10.5,16.2,10.2,,216.0,12.6,,1007.7,
2009-05-16,12.9,9.1,16.4,2.5,,188.0,13.3,,1012.2,
2009-05-17,12.4,9.9,16.7,7.4,,188.0,13.1,,1013.4,
2009-05-18,13.4,8.1,19.5,0.8,,201.0,11.5,,1018.9,
2009-05-19,14.7,8.9,20.2,0.5,,226.0,7.3,,1020.9,
2009-05-20,17.7,9.9,23.6,0.0,,128.0,4.4,,1020.1,
2009-05-21,18.2,14.3,22.9,0.0,,334.0,7.9,,1014.8,
2009-05-22,15.8,10.7,21.5,0.0,,328.0,9.6,,1018.4,
2009-05-23,18.0,11.6,22.7,0.0,,59.0,9.7,,1016.9,
2009-05-24,22.7,15.5,29.7,0.5,,357.0,5.1,,1017.2,
2009-05-25,23.7,18.2,30.1,0.0,,50.0,9.6,,1013.4,
2009-05-26,14.9,12.4,28.0,7.4,,257.0,14.3,,1016.3,
2009-05-27,13.3,8.3,16.6,2.3,,253.0,11.2,,1028.1,
2009-05-28,15.7,13.6,18.2,0.0,,305.0,9.2,,1030.3,
2009-05-29,18.2,13.0,23.0,0.0,,43.0,13.6,,1028.9,
2009-05-30,18.8,12.5,23.8,0.0,,54.0,16.1,,1022.1,
2009-05-31,18.9,13.8,23.8,0.0,,34.0,12.8,,1020.7,
2009-06-01,20.6,14.6,26.0,0.0,,25.0,13.6,,1020.4,
2009-06-02,19.6,15.0,24.0,0.0,,4.0,15.6,,1021.0,
2009-06-03,18.1,13.3,23.2,0.0,,15.0,13.1,,1019.8,
2009-06-04,14.7,10.5,19.6,0.0,,25.0,11.8,,1017.7,
2009-06-05,14.7,9.0,19.9,0.0,,62.0,12.8,,1010.4,
2009-06-06,12.5,10.4,17.2,0.3,,40.0,8.4,,1000.6,
2009-06-07,13.4,11.3,17.9,7.1,,208.0,11.9,,1003.1,
2009-06-08,12.8,8.9,16.4,1.5,,166.0,8.7,,1006.6,
2009-06-09,15.2,10.5,19.7,11.7,,198.0,14.7,,1007.4,
2009-06-10,14.6,12.0,16.9,1.5,,192.0,10.7,,1012.3,
2009-06-11,16.3,11.7,20.6,11.4,,269.0,12.7,,1018.0,
2009-06-12,17.8,12.8,22.1,0.0,,315.0,5.2,,1022.3,
2009-06-13,20.9,14.4,27.2,0.0,,137.0,5.8,,1020.6,
2009-06-14,22.9,16.2,29.2,0.0,,204.0,8.9,,1017.5,
2009-06-15,16.4,15.3,24.5,10.2,,334.0,8.4,,1017.1,
2009-06-16,17.2,12.0,23.0,12.4,,272.0,7.9,,1023.3,
2009-06-17,20.3,13.1,25.6,0.0,,157.0,8.0,,1021.0,
2009-06-18,18.5,16.0,24.5,0.0,,266.0,8.2,,1019.6,
2009-06-19,16.3,13.4,20.8,0.3,,313.0,11.9,,1022.0,
2009-06-20,14.6,12.1,18.5,0.0,,313.0,10.0,,1024.6,
2009-06-21,16.1,10.4,20.9,0.5,,306.0,10.5,,1024.2,
2009-06-22,16.6,13.0,20.7,0.0,,20.0,12.0,,1026.1,
2009-06-23,18.4,11.6,23.3,0.0,,38.0,12.9,,1025.4,
2009-06-24,20.8,14.7,25.7,0.0,,38.0,15.1,,1017.2,
2009-06-25,22.8,18.2,27.9,0.0,,67.0,9.3,,1010.6,
2009-06-26,20.7,18.4,24.3,0.5,,335.0,10.6,,1011.1,
2009-06-27,20.3,15.8,26.8,0.0,,,,,,
2009-06-28,22.8,16.2,27.8,0.0,,32.0,7.3,,1015.4,
2009-06-29,25.2,19.1,30.4,0.0,,38.0,8.1,,1017.0,
2009-06-30,25.6,19.3,31.1,0.0,,18.0,9.8,,1019.4,
2009-07-01,25.1,19.2,30.5,0.0,,17.0,9.7,,1020.3,
2009-07-02,25.8,19.7,32.6,0.0,,1.0,7.6,,1016.3,
2009-07-03,23.1,19.6,28.5,0.0,,271.0,11.1,,1015.1,
2009-07-04,23.2,17.6,28.7,0.0,,63.0,7.0,,1014.1,
2009-07-05,22.8,20.0,27.6,0.0,,252.0,8.4,,1011.4,
2009-07-06,20.0,17.1,24.8,0.0,,238.0,12.6,,1010.7,
2009-07-07,17.3,14.9,22.4,0.0,,241.0,13.1,,1009.6,
2009-07-08,16.9,14.6,20.5,2.3,,259.0,13.4,,1013.7,
2009-07-09,16.8,13.8,20.1,0.5,,271.0,11.0,,1017.3,
2009-07-10,16.4,13.2,19.8,0.0,,279.0,9.2,,1018.5,
2009-07-11,18.9,15.1,22.4,0.0,,217.0,6.9,,1017.3,
2009-07-12,20.6,16.8,26.9,0.0,,219.0,9.9,,1011.3,
2009-07-13,20.6,15.6,26.4,0.0,,194.0,8.5,,1011.9,
2009-07-14,21.6,16.3,27.3,0.0,,218.0,9.1,,1011.7,
2009-07-15,21.1,15.5,26.8,0.0,,223.0,13.5,,1017.3,
2009-07-16,24.1,17.2,32.1,0.0,,180.0,8.0,,1018.1,
2009-07-17,17.1,14.3,30.3,14.5,,224.0,14.4,,1011.5,
2009-07-18,17.1,13.8,22.1,2.3,,245.0,16.5,,1015.3,
2009-07-19,18.2,15.0,22.2,0.5,,226.0,15.1,,1016.6,
2009-07-20,19.8,14.2,25.2,0.0,,245.0,10.3,,1017.9,
2009-07-21,25.3,18.3,31.5,0.0,,170.0,10.0,,1009.9,
2009-07-22,22.4,18.0,30.0,0.5,,212.0,11.3,,1006.2,
2009-07-23,18.9,15.8,22.9,6.4,,214.0,10.4,,1006.2,
2009-07-24,17.7,14.7,23.8,6.1,,221.0,12.7,,1015.6,
2009-07-25,18.3,13.7,24.1,1.5,,251.0,7.8,,1023.9,
2009-07-26,20.9,12.9,27.5,0.0,,183.0,8.3,,1020.5,
2009-07-27,18.4,15.0,26.7,0.0,,232.0,7.8,,1014.4,
2009-07-28,20.3,14.4,25.9,2.3,,206.0,7.6,,1019.9,
2009-07-29,21.8,14.4,28.8,0.0,,198.0,8.4,,1015.8,
2009-07-30,18.5,14.1,26.7,0.3,,265.0,13.5,,1022.0,
2009-07-31,20.1,14.7,25.5,0.0,,96.0,7.1,,1022.0,
2009-08-01,22.1,17.1,28.0,0.0,,177.0,9.5,,1011.8,
2009-08-02,18.2,15.3,25.6,5.1,,280.0,9.3,,1013.1,
2009-08-03,18.1,15.5,24.1,0.0,,,7.2,,,
2009-08-04,22.9,13.8,28.0,0.0,,173.0,7.7,,,
2009-08-05,24.2,17.3,30.5,0.0,,118.0,5.9,,1018.3,
2009-08-06,25.5,18.5,32.5,0.0,,72.0,6.5,,1016.6,
2009-08-07,20.5,19.0,30.6,0.0,,322.0,13.1,,1018.7,
2009-08-08,20.5,17.4,23.7,0.3,,354.0,8.0,,1019.9,
2009-08-09,22.7,18.3,27.8,0.0,,36.0,9.7,,1017.3,
2009-08-10,23.0,17.5,28.4,0.0,,329.0,7.9,,1017.0,
2009-08-11,20.7,18.5,24.4,0.0,,283.0,8.8,,1020.6,
2009-08-12,22.4,15.6,29.5,0.0,,283.0,8.4,,1021.5,
2009-08-13,20.3,18.8,27.3,0.0,,299.0,10.1,,1018.6,
2009-08-14,21.7,16.3,27.4,0.0,,63.0,6.4,,1018.5,
2009-08-15,24.8,15.7,33.1,0.0,,181.0,8.6,,1015.9,
2009-08-16,23.7,18.5,32.0,0.0,,339.0,8.5,,1016.3,
2009-08-17,20.0,16.0,28.0,0.0,,327.0,11.0,,1016.9,
2009-08-18,21.8,14.4,28.7,0.0,,89.0,5.3,,1019.5,
2009-08-19,27.1,18.2,35.6,0.0,,141.0,6.4,,1017.1,
2009-08-20,25.0,20.5,33.7,0.0,,206.0,11.2,,1015.9,
2009-08-21,20.3,16.8,25.6,0.0,,282.0,9.5,,1022.6,
2009-08-22,21.2,15.7,26.2,0.0,,71.0,8.1,,1023.5,
2009-08-23,22.8,15.6,29.4,0.0,,119.0,8.8,,1017.9,
2009-08-24,20.8,15.4,28.1,0.0,,159.0,6.7,,1008.7,
2009-08-25,19.2,16.6,23.4,7.9,,254.0,7.2,,1011.5,
2009-08-26,20.4,13.9,26.5,0.0,,190.0,9.8,,1014.8,
2009-08-27,21.0,16.4,25.8,0.0,,212.0,10.1,,1015.9,
2009-08-28,18.8,16.6,24.3,0.0,,257.0,14.4,,1017.3,
2009-08-29,17.1,12.1,22.6,0.0,,289.0,10.6,,1022.7,
2009-08-30,18.3,11.7,23.7,0.0,,217.0,6.4,,1022.1,
2009-08-31,22.2,13.9,29.5,0.0,,149.0,9.5,,1014.6,
2009-09-01,19.3,17.2,27.8,0.0,,206.0,10.5,,1011.7,
2009-09-02,17.5,13.7,22.0,5.3,,200.0,12.9,,1014.0,
2009-09-03,16.7,14.3,19.9,2.3,,235.0,16.6,,1007.1,
2009-09-04,14.5,12.7,18.1,2.8,,249.0,11.3,,1011.4,
2009-09-05,14.8,11.3,18.4,3.6,,270.0,10.3,,1023.9,
2009-09-06,16.3,10.3,22.3,0.0,,183.0,4.9,,1025.5,
2009-09-07,18.7,11.9,26.0,0.0,,148.0,5.7,,1020.6,
2009-09-08,21.4,13.7,29.4,0.0,,156.0,5.6,,1020.5,
2009-09-09,19.8,17.1,25.7,0.0,,17.0,10.2,,1023.0,
2009-09-10,18.2,15.3,23.0,0.0,,14.0,17.5,,1028.9,
2009-09-11,16.7,12.8,21.5,0.0,,25.0,18.0,,1030.2,
2009-09-12,16.7,12.9,21.5,0.0,,28.0,17.1,,1025.8,
2009-09-13,15.7,11.8,19.1,0.0,,15.0,15.1,,1023.6,
2009-09-14,15.2,12.1,19.3,0.0,,15.0,16.0,,1019.9,
2009-09-15,14.2,12.2,18.7,9.9,,42.0,12.0,,1015.9,
2009-09-16,16.1,12.8,20.3,0.0,,19.0,15.9,,1014.4,
2009-09-17,16.7,14.3,19.0,0.0,,25.0,15.0,,1015.8,
2009-09-18,19.1,15.6,23.4,0.0,,61.0,15.5,,1014.6,
2009-09-19,21.0,15.7,24.3,0.0,,140.0,8.9,,1014.4,
2009-09-20,19.4,15.4,23.0,0.0,,302.0,9.4,,1019.8,
2009-09-21,18.2,14.4,22.4,0.0,,0.0,8.6,,1025.1,
2009-09-22,18.1,13.5,23.6,0.0,,314.0,5.3,,1026.8,
2009-09-23,16.4,12.7,21.2,0.0,,332.0,6.0,,1027.2,
2009-09-24,17.1,13.9,21.5,0.0,,13.0,8.2,,1025.2,
2009-09-25,16.0,11.2,21.5,0.0,,6.0,10.9,,1026.1,
2009-09-26,16.3,11.1,22.0,0.0,,9.0,10.9,,1025.8,
2009-09-27,17.1,11.7,23.5,0.0,,18.0,7.0,,1025.7,
2009-09-28,16.9,12.0,21.9,0.0,,334.0,7.3,,1025.8,
2009-09-29,17.3,14.3,21.7,0.0,,347.0,6.4,,1023.0,
2009-09-30,17.7,12.6,21.5,0.0,,353.0,5.3,,1019.0,
2009-10-01,16.5,14.6,20.2,0.0,,328.0,8.6,,1017.8,
2009-10-02,13.8,10.5,18.1,0.0,,296.0,6.7,,1020.2,
2009-10-03,13.3,8.1,17.4,0.0,,225.0,10.1,,1017.1,
2009-10-04,15.8,13.5,18.7,0.0,,221.0,10.7,,1015.5,
2009-10-05,16.1,12.2,20.4,0.0,,170.0,10.9,,1012.3,
2009-10-06,18.2,15.4,22.5,17.3,,194.0,7.5,,1012.6,
2009-10-07,19.3,15.9,26.3,0.8,,168.0,7.7,,1011.1,
2009-10-08,17.7,15.9,21.8,8.4,,227.0,8.2,,1014.0,
2009-10-09,15.9,14.0,18.4,0.0,,94.0,8.1,,1017.1,
2009-10-10,16.3,14.6,20.0,6.1,,264.0,9.0,,1016.2,
2009-10-11,14.4,12.1,16.9,0.5,,257.0,9.6,,1018.4,
2009-10-12,13.3,10.9,16.8,0.3,,337.0,15.4,,1023.6,
2009-10-13,12.4,9.2,15.5,0.0,,339.0,7.8,,1030.0,
2009-10-14,10.3,7.2,13.6,0.0,,31.0,12.5,,1029.8,
2009-10-15,7.4,3.4,11.5,0.0,,22.0,13.3,,1030.9,
2009-10-16,10.2,6.7,14.2,0.0,,328.0,11.6,,1029.5,
2009-10-17,10.3,8.8,13.8,0.3,,346.0,12.7,,1026.9,
2009-10-18,8.4,5.2,13.5,1.0,,26.0,6.7,,1024.9,
2009-10-19,6.8,2.4,11.9,0.0,,142.0,8.4,,1017.4,
2009-10-20,10.5,4.0,16.0,0.0,,133.0,10.5,,1002.6,
2009-10-21,12.2,11.0,15.5,1.3,,161.0,7.0,,998.5,
2009-10-22,12.4,10.3,16.0,5.1,,163.0,7.9,,1001.1,
2009-10-23,12.0,9.8,15.6,1.5,,204.0,7.4,,1011.7,
2009-10-24,15.2,10.7,18.0,2.3,,185.0,10.6,,1012.7,
2009-10-25,12.4,9.8,18.0,1.8,,236.0,7.4,,1017.5,
2009-10-26,12.7,9.4,17.4,0.3,,248.0,6.8,,1021.2,
2009-10-27,11.2,6.5,17.5,0.0,,135.0,6.5,,1021.9,
2009-10-28,11.8,7.6,18.2,0.0,,153.0,3.9,,1019.7,
2009-10-29,12.0,9.5,16.1,0.3,,37.0,7.1,,1022.2,
2009-10-30,8.7,7.6,12.5,0.5,,116.0,6.0,,1024.1,
2009-10-31,11.7,7.5,16.1,0.0,,168.0,5.8,,1023.9,
2009-11-01,14.4,12.1,17.8,0.3,,193.0,12.2,,1011.9,
2009-11-02,9.7,7.2,15.9,14.7,,230.0,11.3,,1005.1,
2009-11-03,10.6,6.9,13.7,1.5,,194.0,13.4,,996.5,
2009-11-04,9.6,7.8,12.8,7.1,,230.0,16.5,,992.7,
2009-11-05,9.3,6.8,13.2,0.5,,230.0,13.7,,998.0,
2009-11-06,8.9,6.3,12.2,2.3,,208.0,11.5,,1006.7,
2009-11-07,8.3,5.5,11.0,3.3,,228.0,11.9,,1000.3,
2009-11-08,6.9,4.9,9.1,1.5,,115.0,10.6,,1003.6,
2009-11-09,7.2,4.4,10.2,0.3,,343.0,13.5,,1015.1,
2009-11-10,7.2,4.7,10.0,0.0,,251.0,5.8,,1014.2,
2009-11-11,6.1,4.4,10.0,0.0,,155.0,8.5,,1010.4,
2009-11-12,10.7,4.5,13.9,1.3,,186.0,11.1,,1008.3,
2009-11-13,14.8,11.7,18.7,0.0,,182.0,13.5,,1008.4,
2009-11-14,13.3,11.2,16.0,0.0,,196.0,20.0,,1006.0,
2009-11-15,11.9,10.1,14.9,4.6,,179.0,10.7,,1011.4,
2009-11-16,13.6,10.6,16.2,3.8,,185.0,13.2,,1007.9,
2009-11-17,11.0,10.1,14.3,3.3,,205.0,9.0,,1014.3,
2009-11-18,10.8,8.9,13.9,2.3,,200.0,14.3,,1022.0,
2009-11-19,9.9,7.1,13.3,0.0,,171.0,9.5,,1021.3,
2009-11-20,12.5,8.4,16.3,0.3,,179.0,9.6,,1020.3,
2009-11-21,14.4,11.8,16.5,0.8,,167.0,10.3,,1020.1,
2009-11-22,11.4,9.1,16.6,5.8,,204.0,19.5,,1013.3,
2009-11-23,11.8,8.7,13.7,1.0,,212.0,21.8,,1011.7,
2009-11-24,13.7,12.6,15.0,4.1,,222.0,16.7,,1016.0,
2009-11-25,10.3,8.8,13.6,0.0,,197.0,16.8,,1010.2,
2009-11-26,9.7,7.5,11.8,3.0,,200.0,18.5,,1011.0,
2009-11-27,9.0,7.2,11.1,1.8,,216.0,18.0,,1007.5,
2009-11-28,9.6,7.1,11.0,0.0,,196.0,21.5,,1003.5,
2009-11-29,8.9,6.4,11.2,3.6,,187.0,17.8,,994.7,
2009-11-30,6.3,4.9,7.8,2.5,,176.0,11.1,,997.6,
2009-12-01,7.0,5.9,8.6,5.1,,286.0,11.4,,1011.1,
2009-12-02,7.3,4.7,10.4,0.0,,175.0,14.5,,1006.6,
2009-12-03,8.8,4.9,11.3,4.1,,226.0,16.7,,1003.4,
2009-12-04,5.7,2.4,8.9,0.0,,242.0,10.0,,1010.7,
2009-12-05,9.9,5.6,13.2,2.5,,201.0,21.8,,,
2009-12-06,10.9,7.5,13.7,4.1,,206.0,21.6,,,
2009-12-07,7.8,5.1,10.4,1.8,,185.0,12.1,,1008.8,
2009-12-08,7.3,5.5,10.4,1.5,,217.0,12.3,,1015.5,
2009-12-09,11.3,7.5,13.4,5.8,,180.0,9.4,,1022.3,
2009-12-10,10.4,7.1,13.2,3.3,,293.0,10.9,,1028.2,
2009-12-11,7.4,5.2,9.9,0.0,,356.0,14.1,,1029.5,
2009-12-12,4.7,2.5,8.5,0.3,,38.0,21.1,,,
2009-12-13,1.9,0.3,4.4,0.0,,20.0,16.2,,1022.9,
2009-12-14,0.0,-1.2,1.5,0.0,,38.0,15.7,,1019.7,
2009-12-15,-0.9,-2.9,0.7,0.0,,36.0,12.1,,1018.0,
2009-12-16,-0.6,-2.1,1.7,0.0,,349.0,8.4,,1014.1,
2009-12-17,-0.9,-2.6,1.5,0.0,41.0,201.0,7.0,,1007.7,
2009-12-18,-1.4,-3.6,1.8,0.3,41.0,352.0,13.8,,1007.5,
2009-12-19,-2.2,-3.7,-0.8,0.0,20.0,340.0,10.2,,1011.4,
2009-12-20,-0.3,-3.7,2.9,0.0,30.0,217.0,11.8,,1004.0,
2009-12-21,0.7,-3.9,3.2,0.0,10.0,149.0,8.3,,996.3,
2009-12-22,2.6,0.8,3.7,0.3,10.0,205.0,6.3,,989.1,
2009-12-23,2.7,-0.5,5.1,0.3,,163.0,8.0,,995.9,
2009-12-24,3.2,1.1,6.0,0.0,,107.0,7.5,,988.2,
2009-12-25,5.1,3.1,7.6,9.4,,250.0,15.1,,999.9,
2009-12-26,2.6,0.7,6.6,1.3,,181.0,9.3,,1009.2,
2009-12-27,5.0,1.1,8.9,0.0,,209.0,13.0,,1006.8,
2009-12-28,3.9,1.4,7.1,0.0,,131.0,8.6,,1005.2,
2009-12-29,8.9,3.6,13.7,5.1,,165.0,11.8,,996.3,
2009-12-30,10.2,8.8,12.8,5.1,,195.0,10.2,,993.7,
2009-12-31,5.5,1.3,9.2,10.7,,297.0,10.6,,993.8,
2010-01-01,0.9,0.2,2.5,0.3,,351.0,16.5,,1001.2,
2010-01-02,1.0,-1.2,3.6,0.0,,258.0,8.3,,1018.2,
2010-01-03,0.3,-2.3,4.7,0.0,,78.0,8.3,,1021.3,
2010-01-04,-3.6,-6.0,0.7,0.0,,39.0,10.1,,1018.8,
2010-01-05,-2.2,-3.7,0.4,0.0,,117.0,5.0,,1008.6,
2010-01-06,-2.7,-3.3,-1.6,0.0,,152.0,8.6,,1003.4,
2010-01-07,-2.8,-4.7,-1.0,0.5,30.0,18.0,8.4,,1009.0,
2010-01-08,-3.9,-5.7,-1.6,0.8,30.0,10.0,16.6,,1015.8,
2010-01-09,-1.9,-3.2,-0.7,0.0,79.0,10.0,20.8,,1014.4,
2010-01-10,-0.4,-1.2,0.2,0.0,20.0,34.0,9.4,,1014.8,
2010-01-11,0.2,-0.7,0.9,0.0,10.0,203.0,5.3,,1018.5,
2010-01-12,0.1,-0.5,1.0,0.0,10.0,151.0,10.2,,1011.4,
2010-01-13,1.2,-1.7,4.4,1.3,41.0,163.0,7.6,,1002.1,
2010-01-14,3.7,2.2,5.9,0.5,,91.0,6.4,,1004.2,
2010-01-15,3.2,0.4,5.0,0.0,,228.0,7.4,,1020.7,
2010-01-16,4.7,3.0,8.2,0.0,,156.0,14.9,,1014.1,
2010-01-17,7.9,5.3,10.0,9.7,,253.0,12.9,,1018.8,
2010-01-18,4.7,3.7,7.4,0.0,,180.0,5.2,,1027.5,
2010-01-19,1.8,0.9,4.5,0.0,,107.0,7.4,,1023.0,
2010-01-20,2.6,0.1,6.5,0.0,,158.0,9.8,,1013.0,
2010-01-21,5.1,3.8,7.2,7.1,,250.0,7.8,,1020.7,
2010-01-22,5.8,3.5,8.9,0.0,,155.0,10.3,,1022.7,
2010-01-23,4.3,3.3,7.1,1.4,,125.0,5.9,,1021.1,
2010-01-24,5.1,3.4,6.9,0.5,,295.0,7.9,,1023.1,
2010-01-25,4.6,2.7,7.5,0.0,,345.0,8.0,,1028.9,
2010-01-26,-0.3,-1.9,5.0,0.0,,14.0,16.3,,1035.9,
2010-01-27,-1.1,-4.6,3.1,0.0,,343.0,10.7,,1031.8,
2010-01-28,5.2,1.0,6.5,0.0,,286.0,10.5,,1013.9,
2010-01-29,4.3,2.2,7.2,0.5,,253.0,15.0,,995.2,
2010-01-30,1.4,-0.5,5.0,5.8,,299.0,11.9,,999.9,
2010-01-31,1.5,-0.9,4.3,0.0,,245.0,8.9,,1008.6,
2010-02-01,2.3,-0.2,5.2,0.4,10.0,257.0,9.9,,1015.1,
2010-02-02,4.4,1.2,8.1,1.0,,213.0,13.9,,1015.3,
2010-02-03,8.8,6.6,10.5,0.5,,229.0,17.3,,1012.2,
2010-02-04,7.1,4.6,9.6,0.3,,154.0,9.6,,1010.3,
2010-02-05,8.4,6.2,12.1,11.2,,199.0,10.7,,1005.1,
2010-02-06,6.6,5.2,9.0,2.0,,90.0,9.8,,1010.1,
2010-02-07,4.8,3.3,7.0,4.1,,14.0,10.1,,1020.7,
2010-02-08,3.4,1.7,4.7,0.0,,56.0,8.4,,1008.8,
2010-02-09,-0.8,-2.4,3.5,0.0,,11.0,16.6,,1006.3,
2010-02-10,-1.4,-3.1,3.3,0.0,10.0,341.0,14.8,,1011.4,
2010-02-11,-2.2,-3.9,-0.8,1.3,10.0,9.0,21.4,,1013.5,
2010-02-12,-2.0,-3.8,1.1,0.0,10.0,13.0,16.9,,1018.7,
2010-02-13,-2.4,-3.4,-0.9,0.0,,22.0,13.7,,1019.1,
2010-02-14,-0.2,-2.2,3.0,0.0,,348.0,8.3,,1016.4,
2010-02-15,0.5,-1.4,3.1,0.0,,221.0,9.3,,1009.1,
2010-02-16,-0.1,-3.6,4.1,0.0,,147.0,7.9,,1000.6,
2010-02-17,2.9,-0.4,4.9,0.0,,127.0,4.7,,991.7,
2010-02-18,5.2,1.6,10.6,0.0,,191.0,11.8,,995.6,
2010-02-19,5.1,3.0,8.4,0.8,,253.0,11.0,,996.8,
2010-02-20,3.0,1.1,5.8,0.0,,209.0,9.6,,1000.9,
2010-02-21,4.9,1.7,8.4,1.5,,179.0,9.3,,998.7,
2010-02-22,9.6,5.6,14.6,0.5,,187.0,17.8,,989.4,
2010-02-23,10.6,8.7,14.2,3.8,,205.0,14.5,,992.4,
2010-02-24,8.9,6.2,12.5,1.0,,190.0,14.8,,997.1,
2010-02-25,9.7,8.1,12.1,6.4,,187.0,15.7,,993.8,
2010-02-26,8.6,6.3,11.7,3.8,,226.0,20.1,,995.2,
2010-02-27,8.3,4.6,13.1,2.3,,158.0,13.5,,999.4,
2010-02-28,8.4,5.8,13.3,10.9,,217.0,25.9,,989.2,
2010-03-01,6.9,2.2,11.5,1.5,,189.0,6.6,,1012.0,
2010-03-02,7.7,4.8,12.2,3.6,,59.0,11.2,,1020.6,
2010-03-03,6.1,3.2,10.1,0.0,,65.0,17.7,,1017.2,
2010-03-04,4.8,2.4,8.1,0.0,,34.0,19.3,,1017.6,
2010-03-05,2.9,-0.6,6.5,0.0,,354.0,11.8,,1028.8,
2010-03-06,3.7,1.0,7.2,0.0,,340.0,15.2,,1024.3,
2010-03-07,0.7,-2.6,4.5,0.0,,48.0,21.8,,1027.1,
2010-03-08,1.7,-1.9,6.5,0.0,,39.0,21.6,,1023.7,
2010-03-09,1.2,-1.9,5.0,0.0,,24.0,19.8,,1023.3,
2010-03-10,2.6,-1.6,8.7,0.0,,30.0,29.7,,1019.8,
2010-03-11,2.3,-0.9,6.8,0.0,,9.0,19.0,,1019.5,
2010-03-12,3.9,0.8,6.5,0.0,,343.0,8.3,,1022.0,
2010-03-13,6.1,4.6,7.7,0.0,,352.0,9.8,,1028.5,
2010-03-14,6.5,4.3,9.2,0.0,,288.0,10.3,,1029.5,
2010-03-15,8.3,4.1,13.1,0.0,,296.0,9.1,,1028.5,
2010-03-16,8.8,4.3,14.4,0.0,,243.0,6.2,,1027.7,
2010-03-17,11.1,4.8,17.4,0.0,,185.0,8.4,,1025.8,
2010-03-18,13.7,7.6,19.6,0.0,,170.0,11.6,,1020.8,
2010-03-19,15.4,12.2,19.4,0.0,,187.0,13.6,,1017.1,
2010-03-20,14.3,12.0,17.9,6.1,,195.0,14.2,,1011.7,
2010-03-21,10.5,8.7,15.2,13.5,,265.0,13.3,,1017.7,
2010-03-22,10.9,5.7,16.0,0.0,,183.0,7.1,,1021.8,
2010-03-23,11.7,6.3,16.4,0.0,,177.0,8.2,,1018.5,
2010-03-24,16.4,9.2,19.5,0.0,,145.0,13.2,,1008.9,
2010-03-25,13.9,12.1,18.8,0.0,,174.0,12.4,,1004.1,
2010-03-26,10.2,8.5,13.6,5.3,,193.0,14.8,,1007.8,
2010-03-27,9.9,7.0,13.3,2.3,,232.0,12.2,,1007.9,
2010-03-28,10.9,8.3,14.1,0.5,,216.0,11.8,,1012.8,
2010-03-29,13.4,11.0,18.4,1.8,,184.0,11.6,,1004.5,
2010-03-30,9.8,4.8,14.1,6.9,,196.0,14.0,,995.3,
2010-03-31,7.6,6.0,11.4,3.3,,227.0,20.5,,1001.6,
2010-04-01,7.4,3.4,12.3,0.8,,245.0,12.4,,1012.6,
2010-04-02,7.6,5.1,11.8,0.0,,181.0,13.7,,1010.8,
2010-04-03,8.6,6.7,11.7,5.8,,182.0,14.7,,1006.2,
2010-04-04,8.9,5.3,12.0,0.0,,257.0,25.0,,1012.7,
2010-04-05,8.8,2.7,13.9,0.0,,207.0,8.1,,1027.0,
2010-04-06,12.3,4.3,19.8,0.0,,139.0,8.5,,1020.1,
2010-04-07,13.0,10.5,17.7,0.0,,240.0,8.1,,1016.9,
2010-04-08,10.7,8.7,13.3,1.0,,350.0,15.5,,1027.2,
2010-04-09,12.2,6.2,17.9,0.0,,28.0,13.6,,1032.1,
2010-04-10,12.4,8.8,17.0,0.0,,23.0,14.4,,1030.1,
2010-04-11,9.2,5.0,13.9,0.0,,26.0,17.7,,1023.9,
2010-04-12,9.0,4.4,14.3,0.0,,21.0,18.5,,1020.1,
2010-04-13,11.1,7.7,16.9,0.0,,29.0,13.8,,1017.1,
2010-04-14,10.5,6.5,15.7,0.8,,5.0,13.9,,1016.8,
2010-04-15,11.6,6.6,16.8,0.0,,17.0,14.8,,1017.7,
2010-04-16,10.6,6.2,16.0,0.8,,12.0,16.5,,1022.0,
2010-04-17,12.1,5.2,19.0,0.0,,38.0,9.6,,1020.4,
2010-04-18,15.1,8.2,22.0,0.0,,,4.1,,1014.2,
2010-04-19,17.4,9.0,21.1,0.0,,4.0,4.8,,1015.5,
2010-04-20,13.2,10.6,17.7,0.0,,312.0,9.7,,1017.6,
2010-04-21,11.6,6.3,16.4,0.0,,353.0,8.7,,1019.1,
2010-04-22,11.1,5.6,16.4,0.0,,40.0,13.2,,1016.0,
2010-04-23,13.1,5.3,20.2,0.0,,23.0,11.4,,1014.2,
2010-04-24,16.9,9.0,24.3,0.0,,56.0,5.9,,1017.6,
2010-04-25,16.2,12.3,20.4,1.0,,265.0,11.0,,1021.4,
2010-04-26,12.4,7.4,16.2,0.0,,303.0,12.0,,1027.3,
2010-04-27,18.5,10.2,21.5,0.0,,,7.7,,1027.8,
2010-04-28,19.4,11.6,26.4,0.0,,144.0,6.9,,1022.5,
2010-04-29,20.4,13.2,27.4,0.0,,177.0,10.7,,1012.8,
2010-04-30,14.6,11.9,24.5,0.0,,260.0,10.9,,1012.9,
2010-05-01,14.1,11.1,17.2,0.0,,261.0,7.0,,1012.3,
2010-05-02,11.5,8.7,17.0,0.8,,248.0,9.8,,1009.9,
2010-05-03,7.8,6.2,11.0,7.9,,342.0,18.9,,1015.7,
2010-05-04,8.7,6.3,12.7,0.5,,,,,,
2010-05-05,10.2,4.5,12.7,0.0,,,,,,
2010-05-06,10.6,5.8,16.0,0.0,,,,,,
2010-05-07,9.8,6.4,14.6,0.0,,,,,,
2010-05-08,11.6,7.4,17.9,0.0,,,,,,
2010-05-09,13.2,9.2,18.6,2.8,,,,,,
2010-05-10,11.9,7.4,16.4,0.0,,,,,,
2010-05-11,6.7,6.1,12.8,7.9,,,,,,
2010-05-12,7.8,6.0,11.2,4.8,,9.0,12.5,,1012.3,
2010-05-13,8.5,5.7,11.0,0.0,,355.0,9.5,,1014.3,
2010-05-14,9.2,8.0,11.8,0.0,,354.0,5.4,,1013.2,
2010-05-15,12.4,8.5,16.5,1.5,,336.0,10.2,,1014.9,
2010-05-16,13.1,7.9,18.0,0.0,,274.0,9.7,,1019.0,
2010-05-17,12.1,11.1,15.5,0.3,,277.0,14.4,,1024.1,
2010-05-18,15.0,8.8,19.5,0.0,,327.0,8.1,,1028.6,
2010-05-19,15.2,9.3,20.5,0.0,,7.0,11.8,,1029.5,
2010-05-20,16.8,9.9,22.9,0.0,,3.0,12.3,,1031.0,
2010-05-21,18.6,12.4,24.5,0.0,,20.0,12.4,,1029.0,
2010-05-22,19.3,13.1,25.4,0.0,,24.0,13.1,,1025.7,
2010-05-23,20.8,12.9,27.9,0.0,,35.0,10.0,,1022.2,
2010-05-24,23.9,16.1,30.2,0.0,,233.0,4.9,,1015.1,
2010-05-25,23.1,17.5,30.1,0.0,,,7.7,,1009.7,
2010-05-26,17.4,13.8,23.2,1.0,,239.0,12.1,,1007.5,
2010-05-27,15.2,12.9,18.7,3.0,,268.0,4.7,,1009.5,
2010-05-28,15.7,10.8,20.3,18.0,,317.0,8.7,,1015.4,
2010-05-29,15.2,11.4,19.5,0.3,,173.0,13.7,,1016.9,
2010-05-30,15.1,13.5,18.0,1.3,,261.0,13.8,,1013.7,
2010-05-31,14.4,11.9,16.8,0.5,,321.0,13.1,,1018.3,
2010-06-01,14.1,11.4,17.4,0.0,,157.0,5.6,,1017.4,
2010-06-02,16.7,12.0,22.7,5.8,,33.0,12.2,,1018.5,
2010-06-03,19.2,12.2,25.4,0.0,,33.0,16.5,,1019.4,
2010-06-04,22.6,14.8,29.0,0.0,,63.0,6.6,,1018.9,
2010-06-05,24.4,17.7,30.1,0.0,,109.0,5.2,,1018.1,
2010-06-06,20.3,18.1,27.1,0.0,,228.0,8.9,,1013.7,
2010-06-07,18.2,13.1,23.4,6.1,,240.0,9.7,,1013.9,
2010-06-08,19.3,16.6,23.0,0.0,,187.0,11.9,,1005.7,
2010-06-09,17.0,15.6,20.0,1.5,,145.0,5.4,,1004.5,
2010-06-10,19.2,16.3,25.6,0.0,,100.0,8.6,,1002.0,
2010-06-11,21.2,15.3,26.6,3.6,,208.0,8.1,,1007.2,
2010-06-12,17.6,15.7,26.0,15.5,,328.0,10.5,,1012.3,
2010-06-13,16.2,11.2,20.5,0.5,,355.0,8.6,,1016.4,
2010-06-14,17.2,14.3,20.8,0.0,,73.0,6.8,,1013.1,
2010-06-15,17.2,14.6,21.7,0.5,,12.0,19.0,,1019.2,
2010-06-16,17.2,10.8,22.8,0.0,,19.0,21.8,,1017.7,
2010-06-17,16.8,14.8,21.5,0.0,,22.0,13.2,,1015.9,
2010-06-18,16.7,13.9,20.3,0.3,,2.0,14.0,,1016.4,
2010-06-19,13.2,11.3,19.3,0.3,,354.0,15.9,,1014.1,
2010-06-20,12.4,9.9,15.7,0.0,,349.0,17.0,,1018.1,
2010-06-21,14.6,10.6,18.2,0.0,,3.0,12.4,,1022.9,
2010-06-22,18.4,12.3,24.0,0.0,,11.0,10.4,,1023.8,
2010-06-23,20.9,14.5,26.4,0.0,,16.0,8.5,,1022.3,
2010-06-24,22.0,15.9,27.7,0.0,,334.0,8.8,,1019.5,
2010-06-25,22.3,16.0,28.3,0.0,,343.0,7.2,,1016.9,
2010-06-26,24.3,17.5,30.6,0.0,,22.0,7.8,,1015.5,
2010-06-27,25.9,19.0,31.1,0.0,,36.0,6.8,,1017.2,
2010-06-28,24.9,20.7,30.4,0.0,,343.0,8.9,,1019.3,
2010-06-29,23.4,17.5,29.1,2.3,,331.0,10.8,,1020.6,
2010-06-30,24.8,17.5,30.7,0.0,,187.0,5.5,,1020.2,
2010-07-01,27.2,19.6,33.8,0.0,,178.0,9.0,,1014.8,
2010-07-02,27.2,21.9,35.1,0.0,,186.0,9.1,,1012.8,
2010-07-03,20.9,18.3,27.4,0.8,,315.0,7.9,,1018.3,
2010-07-04,18.2,15.9,26.0,14.7,,303.0,8.4,,1022.8,
2010-07-05,20.8,17.2,27.1,0.0,,317.0,12.6,,1022.4,
2010-07-06,19.9,13.9,26.0,0.0,,320.0,7.5,,1024.9,
2010-07-07,23.8,16.2,30.9,0.0,,142.0,5.5,,1021.6,
2010-07-08,27.1,19.3,34.3,0.0,,181.0,4.9,,1018.2,
2010-07-09,27.5,22.6,33.5,0.5,,172.0,7.7,,1016.9,
2010-07-10,24.3,20.6,31.8,0.0,,3.0,7.6,,1018.3,
2010-07-11,26.1,20.5,31.4,0.5,,200.0,9.1,,1016.0,
2010-07-12,23.1,19.1,29.9,29.0,,195.0,8.6,,1013.0,
2010-07-13,23.5,19.5,28.4,4.1,,204.0,11.7,,1010.9,
2010-07-14,19.7,16.8,26.8,0.0,,193.0,10.2,,1007.6,
2010-07-15,19.7,14.8,24.9,43.2,,203.0,15.8,,1012.9,
2010-07-16,19.9,16.1,24.9,0.0,,202.0,12.6,,1015.0,
2010-07-17,18.8,15.1,23.3,0.0,,265.0,11.1,,1021.8,
2010-07-18,20.2,13.9,26.0,0.0,,40.0,6.4,,1027.0,
2010-07-19,23.7,16.0,30.0,0.0,,39.0,6.2,,1021.6,
2010-07-20,26.4,18.9,32.5,0.0,,138.0,6.4,,1012.1,
2010-07-21,20.8,19.0,29.9,0.0,,207.0,10.2,,1008.9,
2010-07-22,20.6,15.3,25.8,0.5,,215.0,10.2,,1013.5,
2010-07-23,18.9,15.5,23.7,0.8,,261.0,10.7,,1018.5,
2010-07-24,19.7,14.6,24.8,0.3,,300.0,6.2,,1023.5,
2010-07-25,19.6,17.5,22.7,0.0,,325.0,7.5,,1018.9,
2010-07-26,20.3,16.9,24.4,0.0,,312.0,9.3,,1016.6,
2010-07-27,21.9,18.1,26.3,2.0,,329.0,6.8,,1018.6,
2010-07-28,22.0,19.3,27.2,0.0,,296.0,11.4,,1018.0,
2010-07-29,18.7,15.5,23.8,0.0,,315.0,12.1,,1015.9,
2010-07-30,20.3,14.3,26.2,0.0,,267.0,5.7,,1015.8,
2010-07-31,23.7,19.8,29.5,0.0,,212.0,7.3,,1014.4,
2010-08-01,20.3,17.7,28.4,0.0,,289.0,8.3,,1015.3,
2010-08-02,19.2,17.0,24.2,0.0,,311.0,7.6,,1016.8,
2010-08-03,19.4,14.5,24.6,9.9,,291.0,8.3,,1017.7,
2010-08-04,19.0,15.6,23.0,0.0,,231.0,10.1,,1011.2,
2010-08-05,17.9,14.3,21.8,2.5,,310.0,13.1,,1012.6,
2010-08-06,18.6,12.6,24.4,0.0,,246.0,6.4,,1018.2,
2010-08-07,19.8,14.7,26.8,0.0,,212.0,9.9,,1017.8,
2010-08-08,19.6,15.1,25.4,1.0,,298.0,7.5,,1019.2,
2010-08-09,21.9,17.3,27.2,0.0,,189.0,6.0,,1017.2,
2010-08-10,20.6,16.4,26.9,0.0,,253.0,10.2,,1015.3,
2010-08-11,19.9,17.4,24.8,1.3,,206.0,9.4,,1014.4,
2010-08-12,18.6,14.5,23.2,0.5,,306.0,9.9,,1016.2,
2010-08-13,17.7,14.8,22.5,0.0,,285.0,7.8,,1017.9,
2010-08-14,17.4,14.2,21.8,0.0,,301.0,5.7,,1016.4,
2010-08-15,15.5,14.7,19.0,14.2,,334.0,11.0,,1015.7,
2010-08-16,15.8,13.8,18.7,35.8,,292.0,10.9,,1015.5,
2010-08-17,17.3,15.5,19.8,5.6,,246.0,11.2,,1015.0,
2010-08-18,17.8,16.1,21.3,0.0,,245.0,9.8,,1010.9,
2010-08-19,19.1,10.6,26.1,0.0,,179.0,7.2,,1015.4,
2010-08-20,23.6,16.0,30.1,0.0,,191.0,8.6,,1018.5,
2010-08-21,25.1,19.0,30.9,0.0,,243.0,8.0,,1022.2,
2010-08-22,24.4,20.2,29.1,0.0,,196.0,6.4,,1015.9,
2010-08-23,21.6,18.6,27.2,0.0,,214.0,13.3,,1006.2,
2010-08-24,18.2,14.0,23.1,6.1,,264.0,12.2,,1013.3,
2010-08-25,19.3,15.4,23.0,0.0,,193.0,9.4,,1016.6,
2010-08-26,22.2,20.0,25.8,0.0,,198.0,9.2,,1010.2,
2010-08-27,20.2,16.4,24.8,1.3,,252.0,15.9,,1007.3,
2010-08-28,17.0,13.8,21.0,1.8,,307.0,10.9,,1020.5,
2010-08-29,15.7,12.4,19.9,0.5,,271.0,12.2,,1019.2,
2010-08-30,14.9,11.3,19.3,2.3,,319.0,14.3,,1021.0,
2010-08-31,16.1,11.2,21.5,0.0,,28.0,10.0,,1024.3,
2010-09-01,17.6,12.1,23.1,0.0,,53.0,11.3,,1019.2,
2010-09-02,18.4,13.0,24.2,0.0,,43.0,11.7,,1017.6,
2010-09-03,18.7,12.7,24.5,0.0,,35.0,8.7,,1019.1,
2010-09-04,18.2,13.6,23.2,0.0,,28.0,9.1,,1019.6,
2010-09-05,19.1,13.5,25.2,0.0,,72.0,7.0,,1018.4,
2010-09-06,17.6,14.6,21.4,2.8,,108.0,10.1,,1010.1,
2010-09-07,17.8,14.5,21.8,1.8,,186.0,7.1,,1003.1,
2010-09-08,15.5,14.2,19.6,10.9,,264.0,9.2,,1002.4,
2010-09-09,16.1,13.3,20.8,2.3,,243.0,6.4,,1016.0,
2010-09-10,17.3,12.7,23.2,6.1,,233.0,7.3,,1022.4,
2010-09-11,19.1,12.6,25.8,0.0,,180.0,7.5,,1019.0,
2010-09-12,17.7,15.6,21.9,0.0,,328.0,11.4,,1021.5,
2010-09-13,17.2,11.9,21.7,0.5,,291.0,9.1,,1028.1,
2010-09-14,18.8,14.7,23.8,0.0,,238.0,10.8,,1023.6,
2010-09-15,16.6,13.6,21.2,7.1,,252.0,12.0,,1015.9,
2010-09-16,15.3,11.4,20.1,0.3,,257.0,10.0,,1013.9,
2010-09-17,14.2,10.7,19.1,0.0,,304.0,8.7,,1016.5,
2010-09-18,13.2,8.8,18.2,0.0,,319.0,6.1,,1020.0,
2010-09-19,14.2,7.7,21.4,0.0,,236.0,5.9,,1019.5,
2010-09-20,15.8,8.8,22.8,0.0,,179.0,5.9,,1017.4,
2010-09-21,17.6,11.3,24.4,0.0,,68.0,4.5,,1019.1,
2010-09-22,18.7,11.6,26.5,0.0,,144.0,4.1,,1018.6,
2010-09-23,18.4,13.7,23.2,0.0,,182.0,8.7,,1011.4,
2010-09-24,14.9,13.5,20.5,14.2,,268.0,9.7,,1004.6,
2010-09-25,12.3,10.8,15.2,2.3,,334.0,16.8,,1011.9,
2010-09-26,10.6,7.5,13.9,0.0,,280.0,10.6,,1011.8,
2010-09-27,11.1,8.9,13.8,9.9,,346.0,4.9,,1011.8,
2010-09-28,13.5,10.2,15.5,0.0,,253.0,4.5,,1017.5,
2010-09-29,16.1,13.1,19.1,0.0,,236.0,5.4,,1018.9,
2010-09-30,14.4,13.1,17.5,2.3,,251.0,7.3,,1016.3,
2010-10-01,13.1,9.4,17.5,1.3,,176.0,12.5,,1012.4,
2010-10-02,17.5,13.7,21.4,9.1,,178.0,11.9,,1008.4,
2010-10-03,19.7,14.8,25.1,0.0,,172.0,12.6,,1002.2,
2010-10-04,16.8,14.2,21.3,0.5,,130.0,10.0,,998.3,
2010-10-05,15.2,12.6,17.5,2.3,,191.0,10.6,,1005.8,
2010-10-06,16.2,15.1,18.6,1.0,,190.0,8.3,,1010.2,
2010-10-07,17.9,15.0,22.5,0.3,,66.0,8.0,,1016.4,
2010-10-08,17.9,13.7,23.3,0.0,,93.0,6.5,,1014.6,
2010-10-09,18.7,14.1,24.0,0.3,,104.0,6.5,,1012.2,
2010-10-10,15.6,12.4,21.0,0.0,,63.0,11.2,,1008.1,
2010-10-11,14.3,10.0,20.6,0.0,,27.0,17.1,,1010.2,
2010-10-12,11.7,7.6,17.5,0.0,,14.0,14.2,,1015.1,
2010-10-13,9.6,5.6,14.4,0.0,,7.0,17.1,,1016.4,
2010-10-14,10.4,6.7,15.0,0.0,,10.0,13.5,,1017.6,
2010-10-15,11.4,10.4,13.2,0.0,,25.0,8.4,,1016.9,
2010-10-16,10.6,7.9,14.3,4.3,,335.0,15.6,,1014.8,
2010-10-17,6.7,4.1,10.2,0.3,,9.0,16.8,,1022.6,
2010-10-18,8.9,4.0,13.5,0.0,,300.0,7.5,,,
2010-10-19,11.3,7.7,13.6,0.0,,254.0,16.9,,,
2010-10-20,8.5,6.8,11.7,1.5,,306.0,13.8,,1017.4,
2010-10-21,6.0,2.1,11.6,0.0,,213.0,5.8,,1026.4,
2010-10-22,6.1,2.6,11.5,0.0,,168.0,4.9,,1022.5,
2010-10-23,7.1,1.8,12.4,0.0,,197.0,11.4,,1011.9,
2010-10-24,8.4,6.5,11.7,3.3,,314.0,10.1,,1013.1,
2010-10-25,7.7,5.3,12.3,0.0,,353.0,13.9,,1025.0,
2010-10-26,7.8,3.2,13.0,0.0,,209.0,6.4,,1029.8,
2010-10-27,10.8,8.4,14.7,0.0,,190.0,9.9,,1024.7,
2010-10-28,11.0,9.5,14.6,0.3,,191.0,8.7,,1021.7,
2010-10-29,12.3,8.9,15.5,0.0,,160.0,9.8,,1009.2,
2010-10-30,12.2,9.5,15.5,5.6,,189.0,14.3,,1002.3,
2010-10-31,12.5,9.2,17.4,2.8,,106.0,7.4,,998.9,
2010-11-01,11.4,9.0,14.6,0.0,,335.0,10.8,,1012.2,
2010-11-02,10.6,6.1,13.3,0.0,,205.0,9.8,,1017.4,
2010-11-03,14.4,12.1,16.1,0.0,,218.0,11.0,,1018.8,
2010-11-04,15.4,12.3,17.6,0.0,,226.0,12.0,,1026.1,
2010-11-05,15.2,11.7,18.1,0.0,,223.0,11.3,,1026.6,
2010-11-06,12.1,10.1,15.4,0.0,,231.0,9.7,,1017.6,
2010-11-07,7.7,5.0,10.7,16.0,,314.0,8.0,,1004.8,
2010-11-08,5.3,3.6,7.2,10.7,,176.0,14.6,,980.9,
2010-11-09,8.5,5.8,9.9,11.9,,160.0,9.8,,974.0,
2010-11-10,7.7,4.9,9.6,7.1,,299.0,12.9,,994.2,
2010-11-11,7.9,2.2,14.6,0.5,,201.0,17.8,,1003.7,
2010-11-12,13.4,10.8,14.2,10.7,,232.0,24.9,,1002.4,
2010-11-13,14.4,13.8,15.3,1.8,,203.0,23.3,,1000.1,
2010-11-14,12.7,9.7,15.4,2.8,,205.0,16.1,,999.4,
2010-11-15,9.4,7.1,11.1,0.0,,,4.5,,1013.4,
2010-11-16,8.3,5.9,11.9,1.5,,328.0,5.9,,1021.1,
2010-11-17,5.1,1.9,8.1,0.0,,123.0,8.6,,1010.9,
2010-11-18,6.9,5.4,8.4,0.3,,186.0,8.5,,1008.8,
2010-11-19,6.7,5.2,8.4,0.0,,170.0,8.3,,1014.4,
2010-11-20,8.1,6.2,11.1,0.0,,81.0,9.1,,1010.7,
2010-11-21,6.1,4.5,8.7,2.5,,23.0,11.0,,1006.7,
2010-11-22,4.9,4.6,5.4,0.8,,360.0,13.0,,1005.8,
2010-11-23,5.3,3.1,7.0,0.0,,297.0,8.6,,1010.1,
2010-11-24,5.8,4.1,8.2,0.3,,276.0,12.2,,1011.0,
2010-11-25,3.7,1.4,6.4,0.0,,307.0,8.0,,1006.2,
2010-11-26,1.3,-1.1,3.7,0.0,,250.0,13.0,,1007.8,
2010-11-27,0.7,-0.9,4.1,0.0,,119.0,8.7,,1003.5,
2010-11-28,1.0,-0.6,1.6,0.0,,83.0,7.7,,1003.1,
2010-11-29,-0.6,-2.5,1.4,0.0,10.0,321.0,8.3,,1008.3,
2010-11-30,-1.8,-3.8,0.0,0.0,,81.0,10.5,,1009.2,
